CustomerID,CLV
0,
1,4310.0
2,1797.2399999999998
3,
4,
5,2506.04
6,
7,
8,
9,2811.4300000000003
10,
11,1168.06
12,6372.58
13,2662.0600000000004
14,
15,5226.23
16,552.0
17,1313.1
18,
19,
20,3545.69
21,1887.96
22,1298.04
23,
24,
25,457.5
26,1628.12
27,
28,852.2400000000001
29,2724.81
30,1845.31
31,1850.56
32,585.27
33,401.9
34,2780.66
35,
36,
37,1582.6000000000004
38,1272.48
39,3018.63
40,2409.9000000000005
41,
42,1108.65
43,
44,
45,
46,
47,3415.2999999999997
48,1708.12
49,2888.55
50,11072.67
51,
52,1226.88
53,758.1
54,562.41
55,124914.53
56,3649.1
57,
58,
59,807.04
60,803.5600000000001
61,1859.31
62,
63,
64,
65,825.8
66,7956.46
67,3750.4
68,
69,6487.45
70,5059.32
71,13375.87
72,806.14
73,7829.889999999999
74,
75,4951.41
76,2906.85
77,
78,
79,5005.46
80,
81,
82,
83,
84,4067.29
85,197.87999999999997
86,9035.52
87,
88,
89,
90,2466.8600000000006
91,3181.0399999999995
92,2363.23
93,947.4
94,826.88
95,1189.5900000000001
96,1344.78
97,1212.05
98,742.1899999999998
99,729.5400000000001
100,19824.049999999996
101,6572.109999999999
102,3938.5499999999993
103,7375.790000000001
104,
105,6816.42
106,13219.74
107,
108,
109,3281.63
110,5596.32
111,2484.98
112,4541.72
113,1298.66
114,
115,5417.93
116,
117,263.21000000000004
118,433.74
119,1246.1000000000004
120,
121,403.70000000000005
122,4257.82
123,
124,3723.87
125,482.04999999999995
126,
127,1304.81
128,398.27
129,
130,982.5699999999999
131,
132,
133,
134,
135,1312.06
136,2502.84
137,2056.89
138,
139,2634.26
140,
141,192.71999999999997
142,1789.7700000000002
143,4485.72
144,1316.66
145,348.71
146,1933.48
147,1662.2800000000002
148,
149,
150,
151,716.35
152,12601.830000000004
153,
154,5568.35
155,13400.24
156,981.18
157,
158,1000.3899999999999
159,1161.5
160,207.8
161,
162,
163,
164,
165,3692.28
166,603.71
167,11990.96
168,
169,561.71
170,2134.01
171,
172,3781.74
173,
174,
175,
176,9401.28
177,4124.69
178,519.61
179,1020.42
180,
181,
182,1315.83
183,657.8
184,2794.51
185,
186,
187,
188,511.35999999999996
189,7281.380000000001
190,2338.1500000000005
191,2040.1000000000001
192,
193,
194,
195,646.68
196,
197,
198,437.6000000000001
199,418.09999999999997
200,3338.22
201,618.27
202,3811.22
203,3023.08
204,1032.58
205,2599.04
206,577.0600000000001
207,
208,
209,254.18
210,
211,1126.85
212,2099.54
213,
214,
215,3344.38
216,
217,2291.19
218,713.3
219,
220,
221,3641.24
222,1339.41
223,13689.670000000002
224,
225,
226,641.13
227,2683.82
228,6620.479999999999
229,4478.53
230,786.4600000000002
231,1270.88
232,
233,2163.98
234,1689.18
235,6021.9
236,
237,
238,1174.58
239,
240,1013.2599999999999
241,3344.64
242,
243,1775.18
244,1346.97
245,3722.8199999999997
246,
247,623.51
248,
249,
250,
251,2209.85
252,601.98
253,4051.1699999999996
254,1643.1799999999998
255,
256,
257,
258,3849.78
259,4881.88
260,
261,
262,3807.15
263,2744.0299999999997
264,2996.05
265,
266,610.52
267,1970.6
268,1331.39
269,17628.46
270,1113.02
271,862.81
272,13787.54
273,12288.219999999998
274,8476.57
275,2283.63
276,2863.08
277,
278,
279,1247.61
280,
281,1035.8
282,855.9099999999999
283,869.67
284,582.1
285,957.59
286,4939.99
287,797.71
288,
289,
290,2340.84
291,6868.29
292,
293,2712.91
294,9736.520000000002
295,1149.02
296,4396.13
297,
298,4708.86
299,
300,1053.49
301,1030.98
302,
303,644.95
304,5781.73
305,2656.1299999999997
306,997.6300000000001
307,725.07
308,1031.41
309,
310,2609.1
311,3980.7000000000003
312,836.33
313,
314,18895.91
315,
316,
317,
318,779.5699999999999
319,
320,
321,1013.04
322,
323,
324,21279.289999999997
325,4196.01
326,33719.729999999996
327,4090.88
328,
329,
330,21429.39
331,3010.74
332,3811.95
333,
334,7857.099999999999
335,2791.5900000000006
336,1531.4400000000003
337,1898.52
338,494.0799999999999
339,
340,6989.63
341,
342,
343,
344,1386.04
345,822.23
346,3981.3599999999997
347,826.74
348,2330.92
349,2225.91
350,574.4199999999998
351,
352,463.66
353,
354,
355,
356,
357,545.48
358,860.41
359,
360,
361,6977.039999999999
362,
363,483.65000000000003
364,
365,514.85
366,
367,
368,1063.46
369,572.2
370,
371,
372,942.3400000000001
373,
374,948.88
375,1759.4999999999998
376,
377,1474.72
378,430.15000000000003
379,1018.71
380,293.0
381,6814.639999999999
382,
383,383.03
384,
385,
386,2612.8599999999997
387,
388,683.13
389,5591.42
390,2726.7700000000004
391,4022.3500000000004
392,1118.99
393,1702.26
394,325.96000000000004
395,354.09
396,
397,1050.8899999999996
398,
399,
400,1957.1
401,1324.5
402,
403,2179.93
404,1106.4
405,
406,
407,1568.23
408,
409,4036.8200000000006
410,1607.0600000000004
411,380.64
412,599.97
413,
414,343.23
415,2218.02
416,1535.7700000000002
417,854.99
418,573.22
419,
420,1463.04
421,703.47
422,
423,1175.2200000000003
424,1378.4
425,354.12
426,
427,331.0
428,
429,372.8
430,216.5
431,17654.54
432,
433,509.58
434,2919.81
435,750.0
436,2178.67
437,3075.0400000000004
438,1662.3000000000002
439,2483.63
440,363.65
441,3006.15
442,
443,1335.19
444,
445,16587.09
446,
447,
448,933.7
449,694.05
450,2062.7000000000003
451,
452,415.80000000000007
453,42055.96000000001
454,607.53
455,2160.7
456,1063.9
457,1504.2699999999998
458,
459,11581.8
460,913.54
461,683.9
462,604.51
463,
464,1603.99
465,2064.95
466,4167.220000000001
467,1843.0
468,1064.07
469,1387.79
470,
471,4757.159999999999
472,
473,4017.54
474,266.38999999999993
475,1856.63
476,
477,
478,1660.9000000000003
479,
480,452.24
481,11189.91
482,
483,
484,
485,7374.900000000001
486,372.2199999999999
487,
488,
489,1239.38
490,558.7
491,
492,6924.11
493,409.50000000000006
494,503.75999999999993
495,414.75999999999993
496,974.4200000000001
497,
498,1226.89
499,455.88
500,534.8499999999999
501,9818.820000000002
502,
503,149.05
504,5655.910000000001
505,513.7
506,
507,
508,
509,1661.8400000000001
510,4810.9400000000005
511,3466.2799999999993
512,3346.2800000000007
513,789.89
514,
515,7277.7
516,2616.3800000000006
517,689.9
518,975.3599999999999
519,6912.0
520,661.3199999999999
521,1247.5
522,799.48
523,1010.18
524,
525,642.77
526,921.8800000000001
527,881.07
528,908.4599999999999
529,676.99
530,
531,
532,
533,629.31
534,3237.54
535,1835.91
536,656.6800000000001
537,5836.859999999999
538,
539,1214.41
540,271.40000000000003
541,
542,
543,
544,
545,1119.49
546,
547,470.79999999999995
548,
549,344.00000000000006
550,4436.12
551,
552,
553,
554,729.27
555,12627.939999999999
556,220.10000000000002
557,
558,28337.379999999997
559,3613.63
560,303.75
561,416.08000000000004
562,58825.83000000001
563,8910.820000000002
564,
565,477.83000000000004
566,7832.47
567,1927.3200000000004
568,
569,6010.42
570,28882.44
571,
572,
573,6424.09
574,
575,1098.48
576,
577,1531.6200000000001
578,
579,786.54
580,1488.67
581,12245.960000000001
582,2294.78
583,
584,984.9100000000001
585,1197.8100000000002
586,
587,
588,922.39
589,3866.3299999999995
590,2099.64
591,
592,
593,1073.3
594,
595,109.8
596,1793.5800000000002
597,
598,2607.61
599,3650.41
600,962.3900000000001
601,5064.94
602,423.72
603,2388.75
604,
605,
606,618.5200000000001
607,
608,712.8000000000001
609,3707.1200000000003
610,1676.06
611,
612,
613,971.7600000000001
614,1741.2199999999998
615,1201.06
616,1437.85
617,
618,
619,1688.29
620,1021.48
621,
622,791.33
623,1319.19
624,712.88
625,
626,468.41
627,353.65
628,2817.03
629,
630,
631,5725.47
632,
633,3957.7799999999997
634,1701.2899999999997
635,
636,1575.89
637,
638,
639,260.68
640,911.94
641,
642,
643,1797.78
644,3401.2400000000002
645,9817.12
646,870.0899999999999
647,869.46
648,250.26000000000002
649,1223.9000000000003
650,5891.61
651,
652,1197.4200000000003
653,788.0799999999999
654,1520.5800000000002
655,
656,533.98
657,
658,819.2900000000001
659,847.41
660,163.20000000000002
661,2155.95
662,6463.84
663,
664,
665,
666,
667,2806.97
668,1357.6
669,605.1199999999999
670,
671,744.85
672,700.7299999999999
673,
674,663.6499999999999
675,270.40000000000003
676,
677,
678,
679,1987.3000000000002
680,501.12
681,465.68
682,711.41
683,1030.4000000000003
684,399.51
685,698.58
686,
687,
688,944.1
689,
690,7454.07
691,2107.66
692,3834.2599999999998
693,4521.49
694,3214.69
695,5346.2300000000005
696,
697,
698,276.56
699,
700,590.9300000000001
701,258.40000000000003
702,
703,
704,814.86
705,1132.14
706,93.66
707,
708,2709.12
709,
710,578.9399999999999
711,873.74
712,
713,
714,2089.85
715,
716,
717,
718,618.09
719,
720,
721,2000.86
722,
723,1385.5099999999998
724,1456.79
725,1132.03
726,598.57
727,1555.3199999999997
728,775.94
729,5977.7300000000005
730,2273.68
731,640.76
732,10845.55
733,1548.7
734,567.36
735,
736,787.8499999999999
737,7121.949999999999
738,
739,3627.7700000000004
740,
741,789.0
742,1140.93
743,
744,3536.8200000000006
745,
746,
747,
748,10736.48
749,
750,
751,2543.72
752,
753,
754,
755,
756,979.1199999999999
757,
758,
759,
760,
761,
762,
763,
764,
765,3090.7400000000007
766,992.5000000000001
767,
768,2225.37
769,
770,623.4000000000001
771,
772,
773,
774,3312.25
775,
776,1019.7600000000001
777,572.56
778,3639.31
779,
780,4151.93
781,
782,
783,797.96
784,
785,
786,2520.02
787,
788,1360.99
789,1544.1299999999999
790,
791,621.23
792,
793,252.49000000000004
794,572.451
795,28117.039999999997
796,1003.0600000000001
797,
798,1390.4999999999998
799,712.5
800,640.83
801,6127.430000000001
802,
803,159.85
804,1851.0799999999997
805,
806,1624.21
807,3641.3199999999997
808,582.6
809,
810,1006.8
811,679.45
812,1269.0999999999997
813,534.24
814,3809.890000000001
815,
816,3408.06
817,
818,
819,1129.14
820,3539.37
821,
822,2043.7199999999996
823,2976.15
824,590.0
825,356.98
826,1058.34
827,1766.72
828,9646.57
829,183.44
830,1445.0000000000002
831,
832,
833,
834,1083.71
835,5704.970000000001
836,165.0
837,2531.58
838,422.64
839,
840,1431.78
841,1238.47
842,1454.5799999999997
843,300.95
844,1804.56
845,
846,
847,
848,
849,1122.41
850,575.3999999999999
851,8968.31
852,449.52
853,1215.82
854,1269.8400000000001
855,618.63
856,
857,2044.8700000000001
858,653.33
859,348.05
860,1159.11
861,1166.77
862,
863,291.99999999999994
864,
865,
866,4393.63
867,458.52
868,2479.1600000000003
869,
870,979.7200000000001
871,1791.5600000000002
872,
873,
874,
875,891.12
876,1389.41
877,2128.42
878,
879,
880,3624.35
881,1093.65
882,
883,3964.88
884,680.18
885,628.78
886,2287.51
887,307.76
888,483.79999999999995
889,
890,270.78999999999996
891,5870.080000000001
892,3448.2900000000004
893,1280.85
894,631.34
895,291.41
896,626.99
897,682.41
898,918.1999999999999
899,
900,3740.0700000000006
901,4149.28
902,584.06
903,605.06
904,
905,
906,1799.3300000000002
907,777.5299999999999
908,1749.02
909,240.22
910,874.71
911,
912,373.75
913,
914,2092.3200000000006
915,
916,294.4
917,732.0699999999999
918,6717.34
919,1687.6000000000001
920,467.04
921,
922,
923,
924,
925,2478.95
926,379.65
927,1981.9199999999998
928,1117.13
929,247.95999999999998
930,2037.0800000000004
931,
932,697.04
933,
934,5153.67
935,
936,693.32
937,
938,
939,280.53999999999996
940,
941,1131.88
942,1171.8
943,1610.4600000000003
944,
945,544.18
946,
947,
948,747.7799999999999
949,
950,1638.47
951,7792.36
952,2031.78
953,3070.42
954,2121.27
955,1575.1600000000003
956,
957,949.12
958,810.5
959,
960,
961,
962,519.44
963,2624.26
964,
965,1678.1200000000001
966,346.6
967,1836.3400000000001
968,94.2
969,1095.08
970,2707.33
971,932.97
972,379.65
973,382.14
974,2639.17
975,1573.2
976,897.76
977,
978,84.65
979,
980,6363.59
981,218.54999999999998
982,
983,186.39000000000001
984,396.9200000000001
985,486.82
986,
987,3722.4200000000005
988,827.83
989,
990,
991,3119.44
992,
993,
994,
995,1488.3199999999997
996,65039.62
997,2504.13
998,
999,
1000,2265.12
1001,
1002,2308.06
1003,711.86
1004,
1005,806.4099999999999
1006,
1007,6328.049999999999
1008,
1009,
1010,
1011,1079.34
1012,
1013,1445.01
1014,306.55
1015,1041.68
1016,799.9
1017,
1018,2375.41
1019,
1020,1980.56
1021,1079.66
1022,333.48
1023,1016.14
1024,752.6
1025,610.59
1026,
1027,2885.2400000000002
1028,731.9
1029,
1030,
1031,
1032,668.4300000000001
1033,3131.02
1034,1341.6
1035,1156.3599999999997
1036,
1037,
1038,948.2499999999999
1039,1647.2600000000002
1040,
1041,1186.28
1042,
1043,282.59999999999997
1044,2161.35
1045,5189.52
1046,3190.5499999999997
1047,659.4100000000001
1048,286.79
1049,1070.65
1050,
1051,
1052,1521.7599999999998
1053,17220.36
1054,2796.5099999999998
1055,2634.45
1056,1132.1300000000003
1057,
1058,25977.16
1059,
1060,360.01
1061,
1062,912.0000000000001
1063,2462.79
1064,
1065,309.04
1066,
1067,1516.0
1068,195.55
1069,37153.85
1070,688.86
1071,
1072,
1073,4599.42
1074,
1075,2635.7900000000004
1076,924.6
1077,
1078,
1079,1747.66
1080,
1081,1499.01
1082,814.5
1083,539.0
1084,1366.8600000000001
1085,1579.1200000000001
1086,4027.3600000000006
1087,571.6700000000001
1088,382.98
1089,1140.35
1090,385.64
1091,632.0
1092,957.6599999999999
1093,1698.94
1094,
1095,412.05
1096,
1097,2202.9900000000002
1098,
1099,
1100,834.57
1101,271.24000000000007
1102,691.7300000000001
1103,
1104,3385.62
1105,
1106,
1107,865.0600000000001
1108,1255.0000000000002
1109,1537.9499999999998
1110,
1111,2651.46
1112,
1113,8109.5199999999995
1114,388.50000000000006
1115,
1116,
1117,1245.9
1118,2209.3600000000006
1119,
1120,501.56000000000006
1121,
1122,1015.2900000000001
1123,3192.54
1124,3104.95
1125,2770.94
1126,6403.250000000001
1127,389.6
1128,
1129,1786.79
1130,
1131,
1132,
1133,3219.77
1134,17159.519999999997
1135,1191.1299999999999
1136,2674.4799999999996
1137,787.6000000000001
1138,506.80000000000007
1139,
1140,
1141,605.63
1142,
1143,1883.8100000000004
1144,632.97
1145,
1146,564.62
1147,2593.07
1148,
1149,
1150,388.52
1151,740.95
1152,2867.2
1153,332.64
1154,2369.55
1155,2580.91
1156,626.45
1157,272.04
1158,1212.8400000000001
1159,384.80999999999995
1160,
1161,
1162,1838.8500000000001
1163,678.2499999999999
1164,
1165,
1166,464.57000000000005
1167,842.65
1168,337.3399999999999
1169,1237.5300000000002
1170,
1171,608.7900000000001
1172,
1173,
1174,
1175,
1176,568.55
1177,839.14
1178,5112.96
1179,561.5699999999998
1180,
1181,
1182,2427.32
1183,745.06
1184,674.4500000000002
1185,3251.071
1186,3515.679999999999
1187,439.92
1188,322.96
1189,1026.42
1190,598.2
1191,230.22
1192,169.55
1193,664.54
1194,
1195,9053.94
1196,2758.2599999999998
1197,190.24999999999997
1198,
1199,
1200,2526.2799999999997
1201,
1202,196.79000000000002
1203,
1204,
1205,1871.81
1206,2603.43
1207,920.5100000000001
1208,7060.13
1209,
1210,4147.96
1211,1266.08
1212,
1213,855.97
1214,
1215,3466.36
1216,2313.14
1217,1393.6899999999998
1218,3901.8100000000004
1219,
1220,2043.0800000000004
1221,529.73
1222,4582.64
1223,2874.72
1224,962.1899999999999
1225,695.61
1226,
1227,473.0199999999999
1228,
1229,
1230,4341.21
1231,1421.61
1232,642.8
1233,631.9
1234,
1235,584.07
1236,327.7
1237,
1238,467.6600000000001
1239,2360.09
1240,17286.86
1241,2975.5899999999997
1242,651.8199999999999
1243,1428.0199999999998
1244,
1245,147.20000000000002
1246,1560.38
1247,
1248,3614.92
1249,
1250,652.82
1251,1659.75
1252,
1253,1308.6100000000001
1254,
1255,5681.720000000001
1256,746.36
1257,15610.390000000001
1258,
1259,260.25
1260,
1261,
1262,8214.650000000001
1263,6217.959999999999
1264,
1265,6140.42
1266,10464.85
1267,1353.7399999999998
1268,
1269,374.7
1270,
1271,1438.8199999999997
1272,
1273,942.26
1274,
1275,499.4199999999999
1276,1049.37
1277,
1278,
1279,934.52
1280,
1281,1018.43
1282,4448.54
1283,
1284,50491.81
1285,
1286,
1287,4076.91
1288,
1289,65164.78999999999
1290,
1291,3104.17
1292,
1293,5976.789999999999
1294,1360.2799999999997
1295,216.20999999999998
1296,
1297,2703.23
1298,597.91
1299,
1300,5683.15
1301,692.85
1302,2915.15
1303,1840.4200000000003
1304,386.53
1305,1382.74
1306,
1307,2780.15
1308,
1309,2740.4299999999994
1310,706.1300000000001
1311,709.7100000000002
1312,637.5
1313,1123.8600000000001
1314,
1315,3586.0299999999997
1316,605.64
1317,4690.3099999999995
1318,982.38
1319,
1320,935.05
1321,915.1299999999999
1322,
1323,
1324,3742.2
1325,4191.0
1326,483.4
1327,
1328,
1329,658.6399999999999
1330,621.29
1331,
1332,
1333,117379.62999999999
1334,432.88
1335,
1336,4693.01
1337,1110.52
1338,289.36
1339,2445.91
1340,1631.7700000000002
1341,
1342,574.84
1343,
1344,450.84
1345,
1346,3222.3
1347,576.9000000000001
1348,559.4100000000001
1349,1620.93
1350,719.78
1351,4748.520000000001
1352,
1353,
1354,2054.3600000000006
1355,4654.08
1356,4684.760000000001
1357,853.39
1358,11349.520000000002
1359,1012.0000000000001
1360,
1361,701.4000000000001
1362,
1363,747.44
1364,
1365,466.7
1366,
1367,
1368,2073.43
1369,1905.8400000000001
1370,2241.1
1371,
1372,1004.38
1373,1789.72
1374,1839.3
1375,2004.98
1376,
1377,
1378,632.4
1379,3432.8
1380,
1381,991.13
1382,1050.1199999999997
1383,2232.1899999999996
1384,3350.96
1385,1547.2000000000003
1386,925.7099999999999
1387,2048.07
1388,1462.72
1389,775.4599999999999
1390,3144.8599999999997
1391,490.86
1392,
1393,
1394,2380.8500000000004
1395,890.34
1396,
1397,280.55
1398,2588.7700000000004
1399,1693.45
1400,1474.06
1401,
1402,
1403,1904.0499999999995
1404,2879.7000000000003
1405,969.0600000000002
1406,3099.7200000000003
1407,12669.98
1408,
1409,1163.45
1410,2618.23
1411,333.97
1412,530.18
1413,1516.24
1414,
1415,
1416,437.96000000000004
1417,559.97
1418,1119.7399999999998
1419,4216.2
1420,
1421,3729.34
1422,595.25
1423,1910.01
1424,4628.75
1425,176.63000000000002
1426,
1427,911.26
1428,2314.65
1429,3883.25
1430,4871.930000000001
1431,1046.56
1432,
1433,1305.33
1434,51527.3
1435,3965.6199999999994
1436,
1437,
1438,
1439,1858.96
1440,2093.32
1441,2995.72
1442,2352.53
1443,
1444,1611.5899999999997
1445,
1446,2481.13
1447,
1448,477.79
1449,1530.7499999999998
1450,605.0600000000001
1451,
1452,
1453,5014.84
1454,462.65999999999997
1455,866.31
1456,
1457,2552.21
1458,468.26
1459,1614.91
1460,588.22
1461,
1462,
1463,2182.28
1464,668.5600000000001
1465,889.9300000000001
1466,
1467,1021.58
1468,
1469,
1470,
1471,
1472,1078.96
1473,
1474,163.62
1475,
1476,701.23
1477,
1478,912.1800000000001
1479,2128.23
1480,
1481,3717.35
1482,9261.52
1483,
1484,
1485,
1486,
1487,617.05
1488,348.1
1489,
1490,
1491,1247.6900000000003
1492,202.11
1493,
1494,1770.5599999999995
1495,3212.84
1496,1043.46
1497,4652.82
1498,
1499,3507.7099999999996
1500,487.99
1501,2612.96
1502,
1503,4051.4800000000005
1504,1475.81
1505,1474.3200000000002
1506,
1507,2157.73
1508,2606.53
1509,2059.4500000000007
1510,1105.07
1511,
1512,770.03
1513,
1514,1496.98
1515,5900.28
1516,490.22
1517,1937.25
1518,1058.06
1519,
1520,813.11
1521,4263.64
1522,
1523,
1524,4481.670000000001
1525,363.34000000000003
1526,1244.8299999999997
1527,
1528,2255.51
1529,1372.7999999999997
1530,
1531,
1532,
1533,
1534,2357.6800000000003
1535,1712.89
1536,1589.8199999999997
1537,1420.2
1538,1039.5800000000002
1539,1163.23
1540,375.35
1541,907.1000000000001
1542,483.25000000000006
1543,662.59
1544,264.44
1545,
1546,3062.4
1547,
1548,
1549,434.34
1550,2103.06
1551,2004.0200000000002
1552,529.62
1553,1058.6200000000001
1554,2272.3999999999996
1555,598.76
1556,461.19
1557,1936.84
1558,234.34000000000006
1559,
1560,925.85
1561,
1562,1309.6
1563,316.25
1564,
1565,636.51
1566,2068.15
1567,
1568,
1569,
1570,1196.33
1571,
1572,
1573,340.92999999999995
1574,2383.2400000000002
1575,
1576,123.8
1577,538.8100000000002
1578,
1579,1957.3199999999997
1580,815.32
1581,356.84999999999997
1582,251.21
1583,2470.6700000000005
1584,3543.2600000000007
1585,673.26
1586,5905.639999999999
1587,2012.1700000000003
1588,1383.1799999999998
1589,276.42
1590,1314.81
1591,275.28
1592,455.59
1593,1055.35
1594,2102.09
1595,330.44999999999993
1596,
1597,270.6
1598,974.54
1599,
1600,1867.68
1601,4332.2
1602,8508.820000000002
1603,
1604,620.04
1605,2925.91
1606,932.85
1607,1949.7200000000003
1608,4447.05
1609,2864.1899999999996
1610,
1611,
1612,388.25
1613,537.48
1614,996.26
1615,1461.6500000000003
1616,
1617,3630.33
1618,2024.45
1619,2578.09
1620,4007.54
1621,652.8
1622,
1623,765.6200000000001
1624,186.23
1625,
1626,859.2699999999998
1627,2381.04
1628,324.14
1629,
1630,2237.77
1631,1080.76
1632,5074.77
1633,3099.12
1634,
1635,1530.36
1636,
1637,
1638,2832.84
1639,1653.42
1640,
1641,859.71
1642,
1643,
1644,
1645,1052.5500000000002
1646,1042.26
1647,
1648,
1649,1601.1400000000003
1650,
1651,1447.1399999999999
1652,570.4599999999999
1653,617.99
1654,379.83
1655,1740.5999999999997
1656,883.1500000000001
1657,
1658,
1659,
1660,
1661,12156.65
1662,16569.499999999996
1663,1785.15
1664,601.56
1665,406.08000000000004
1666,553.44
1667,
1668,412.78000000000003
1669,1788.3600000000001
1670,
1671,889.25
1672,225.85
1673,899.63
1674,2791.27
1675,671.96
1676,959.01
1677,1006.98
1678,
1679,
1680,609.85
1681,
1682,2984.49
1683,2125.08
1684,
1685,
1686,693.8100000000001
1687,830.76
1688,597.09
1689,280206.02
1690,
1691,1417.29
1692,654.6
1693,
1694,1947.5500000000002
1695,1932.2299999999998
1696,291.05
1697,848.22
1698,247.15000000000003
1699,2529.9299999999994
1700,285.74
1701,
1702,771.17
1703,637.89
1704,1835.6999999999998
1705,
1706,9241.2
1707,1269.99
1708,
1709,765.55
1710,1736.3999999999999
1711,
1712,2548.2400000000002
1713,28754.109999999997
1714,498.95
1715,52.0
1716,1236.28
1717,
1718,5630.87
1719,
1720,371.7
1721,2114.33
1722,591.55
1723,
1724,2078.9500000000003
1725,
1726,1250.76
1727,
1728,2235.3
1729,2549.37
1730,3292.1400000000003
1731,
1732,1546.91
1733,
1734,1126.3699999999997
1735,4921.04
1736,606.1300000000001
1737,2868.8
1738,917.0699999999999
1739,2666.36
1740,
1741,867.38
1742,329.68000000000006
1743,1602.13
1744,663.81
1745,
1746,1158.3
1747,
1748,
1749,
1750,2005.06
1751,380.02
1752,2702.4900000000002
1753,9585.91
1754,6065.69
1755,1164.55
1756,1314.45
1757,3902.28
1758,1448.21
1759,1400.34
1760,1099.98
1761,1220.26
1762,
1763,1415.7499999999998
1764,
1765,
1766,638.05
1767,5010.279999999999
1768,
1769,
1770,1484.06
1771,1625.97
1772,
1773,255.9
1774,
1775,
1776,254.10999999999999
1777,2473.37
1778,192.60000000000005
1779,10674.75
1780,876.42
1781,
1782,1011.9
1783,2538.3000000000006
1784,730.86
1785,386.15000000000003
1786,447.67999999999995
1787,
1788,289.99
1789,77.4
1790,679.4399999999999
1791,
1792,745.06
1793,
1794,
1795,1319.91
1796,
1797,8022.49
1798,173.74
1799,
1800,4339.74
1801,
1802,845.55
1803,
1804,554.65
1805,
1806,2741.1700000000005
1807,2087.88
1808,
1809,778.5
1810,
1811,1110.34
1812,657.8
1813,272.07
1814,507.29
1815,
1816,321.42999999999995
1817,1127.71
1818,2226.91
1819,2139.76
1820,697.5499999999998
1821,
1822,1720.3
1823,102.44999999999999
1824,1649.5
1825,
1826,3295.7600000000007
1827,2824.69
1828,3189.81
1829,
1830,7930.540000000001
1831,
1832,511.35
1833,2836.69
1834,475.8
1835,2759.83
1836,645.65
1837,1311.3799999999997
1838,1173.12
1839,1353.74
1840,
1841,
1842,841.1999999999999
1843,
1844,52.20000000000001
1845,14389.9
1846,710.28
1847,2953.59
1848,725.7
1849,
1850,522.38
1851,
1852,1465.3200000000002
1853,1485.5399999999997
1854,706.19
1855,
1856,589.7
1857,761.59
1858,
1859,
1860,
1861,
1862,
1863,
1864,554.38
1865,1237.8500000000001
1866,
1867,11138.710000000001
1868,468.7700000000001
1869,1366.3800000000003
1870,1303.52
1871,1421.2900000000002
1872,
1873,2810.63
1874,1025.44
1875,616.15
1876,3501.1
1877,
1878,434.35
1879,143825.05999999997
1880,867.8499999999999
1881,1227.43
1882,307.48
1883,1268.98
1884,1610.15
1885,
1886,1316.0699999999997
1887,
1888,
1889,
1890,2372.86
1891,1257.68
1892,
1893,1890.94
1894,
1895,8137.02
1896,1621.8799999999999
1897,5900.25
1898,
1899,290.82
1900,1101.97
1901,
1902,
1903,8099.49
1904,
1905,
1906,
1907,499.68
1908,695.42
1909,221.26999999999998
1910,7044.68
1911,
1912,1487.8
1913,
1914,
1915,
1916,
1917,
1918,1592.06
1919,1116.57
1920,
1921,1314.45
1922,
1923,
1924,790.86
1925,1931.4199999999998
1926,
1927,213.27
1928,296.75
1929,326.4
1930,
1931,233.23000000000002
1932,546.1999999999999
1933,429.87000000000006
1934,
1935,1641.76
1936,
1937,6316.569999999999
1938,
1939,
1940,1261.78
1941,
1942,423.04
1943,260.17
1944,
1945,
1946,496.21000000000004
1947,
1948,1914.8199999999997
1949,905.04
1950,6802.76
1951,1661.33
1952,
1953,469.0
1954,1066.1499999999999
1955,627.13
1956,518.28
1957,668.14
1958,4959.1
1959,2586.67
1960,4308.61
1961,
1962,465.55
1963,705.49
1964,19914.44
1965,
1966,
1967,
1968,7700.23
1969,735.66
1970,5213.7699999999995
1971,
1972,384.05
1973,
1974,1782.0899999999997
1975,1391.61
1976,
1977,697.79
1978,302.1
1979,1489.5000000000002
1980,2124.9900000000002
1981,1337.7199999999998
1982,
1983,54534.13999999999
1984,987.86
1985,
1986,3158.13
1987,
1988,1744.76
1989,553.3600000000001
1990,
1991,
1992,982.0700000000002
1993,1043.4099999999999
1994,
1995,
1996,
1997,9743.11
1998,895.61
1999,504.80000000000007
2000,
2001,
2002,1160.07
2003,2420.84
2004,
2005,
2006,457.81
2007,4597.020000000001
2008,1370.6000000000001
2009,
2010,
2011,
2012,
2013,876.0
2014,317.53
2015,703.36
2016,1027.44
2017,2298.93
2018,1422.52
2019,319.5
2020,1300.25
2021,
2022,996.1
2023,1567.48
2024,3609.3299999999995
2025,2760.5599999999995
2026,
2027,1352.75
2028,1551.7800000000002
2029,
2030,
2031,
2032,457.72
2033,1633.7800000000002
2034,2199.3100000000004
2035,184.18999999999997
2036,11528.48
2037,
2038,1471.0
2039,3447.4
2040,
2041,977.9300000000001
2042,982.4199999999998
2043,1387.99
2044,
2045,1286.7000000000003
2046,178.96
2047,2354.25
2048,
2049,
2050,6580.44
2051,1194.7300000000002
2052,1327.16
2053,
2054,
2055,
2056,5314.47
2057,4745.69
2058,
2059,
2060,961.49
2061,1936.07
2062,
2063,18641.010000000002
2064,
2065,304.47
2066,843.05
2067,
2068,
2069,
2070,
2071,1624.05
2072,
2073,
2074,
2075,2206.95
2076,
2077,689.4799999999999
2078,622.8499999999999
2079,406.75999999999993
2080,
2081,411.4100000000001
2082,4777.18
2083,16225.39
2084,1044.32
2085,
2086,7616.53
2087,
2088,1079.6100000000004
2089,193.64
2090,1268.7
2091,1236.54
2092,1827.8
2093,
2094,653.24
2095,420.29999999999995
2096,870.1199999999999
2097,
2098,894.41
2099,
2100,328.35
2101,1661.44
2102,734.94
2103,
2104,5756.889999999999
2105,
2106,1778.9599999999998
2107,
2108,
2109,755.75
2110,322.08
2111,
2112,
2113,1219.4
2114,3386.71
2115,429.6
2116,612.06
2117,
2118,2247.51
2119,
2120,1412.32
2121,1071.99
2122,780.59
2123,1706.57
2124,1756.4399999999998
2125,
2126,631.57
2127,2515.8399999999997
2128,514.15
2129,
2130,6688.46
2131,10484.989999999998
2132,740.7799999999999
2133,918.2
2134,
2135,
2136,
2137,
2138,623.1599999999999
2139,1810.77
2140,
2141,
2142,
2143,
2144,1506.12
2145,
2146,1717.36
2147,
2148,2379.49
2149,2507.0699999999997
2150,721.9399999999999
2151,716.5699999999999
2152,
2153,
2154,
2155,
2156,
2157,2332.1500000000005
2158,
2159,486.68999999999994
2160,2306.5199999999995
2161,939.7799999999999
2162,7943.220000000001
2163,4668.300000000001
2164,
2165,3672.86
2166,641.94
2167,4799.9
2168,4507.01
2169,
2170,5070.35
2171,
2172,694.4000000000001
2173,1174.35
2174,
2175,
2176,60767.9
2177,924.85
2178,
2179,
2180,570.5
2181,
2182,
2183,
2184,
2185,2748.31
2186,
2187,
2188,
2189,
2190,1049.7
2191,714.96
2192,1661.06
2193,
2194,351.67
2195,
2196,574.07
2197,
2198,
2199,
2200,563.94
2201,
2202,
2203,
2204,
2205,473.81
2206,
2207,1960.1100000000001
2208,777.02
2209,277.05
2210,2766.4999999999995
2211,8347.2
2212,
2213,
2214,
2215,913.19
2216,2314.32
2217,602.51
2218,1877.5900000000001
2219,
2220,2386.0500000000006
2221,
2222,2415.91
2223,
2224,1233.3600000000001
2225,3703.29
2226,1690.2600000000002
2227,596.8499999999999
2228,5955.710000000001
2229,642.41
2230,
2231,
2232,
2233,
2234,1535.5300000000002
2235,231.86
2236,2183.54
2237,
2238,
2239,
2240,1345.5299999999997
2241,815.77
2242,716.2
2243,626.77
2244,
2245,510.71000000000004
2246,1056.44
2247,
2248,3450.84
2249,1358.8799999999999
2250,
2251,774.9
2252,
2253,3984.32
2254,
2255,
2256,950.36
2257,
2258,
2259,
2260,1447.3899999999999
2261,1483.14
2262,
2263,397.34999999999997
2264,
2265,533.3
2266,1041.48
2267,
2268,1122.53
2269,
2270,
2271,383.67999999999995
2272,
2273,3236.91
2274,1418.26
2275,
2276,
2277,
2278,974.5199999999999
2279,
2280,538.73
2281,1388.37
2282,
2283,447.22
2284,
2285,
2286,
2287,234.6
2288,
2289,
2290,7354.62
2291,
2292,524.88
2293,
2294,538.55
2295,
2296,
2297,1771.2000000000003
2298,
2299,1441.42
2300,
2301,11054.96
2302,233.81000000000003
2303,3594.3100000000004
2304,2575.0
2305,
2306,1134.2799999999997
2307,3100.0900000000006
2308,659.4599999999999
2309,2001.8000000000002
2310,1299.23
2311,1262.2
2312,13316.4
2313,1131.56
2314,10384.930000000002
2315,
2316,
2317,3610.9599999999996
2318,979.26
2319,
2320,1000.2700000000001
2321,
2322,909.23
2323,121.00000000000001
2324,14758.220000000003
2325,4139.46
2326,62.42999999999999
2327,
2328,1942.4499999999998
2329,
2330,3000.2
2331,398.8399999999999
2332,
2333,
2334,825.9200000000001
2335,
2336,2429.78
2337,
2338,3995.2299999999996
2339,1502.35
2340,2007.44
2341,1580.93
2342,807.57
2343,536.4
2344,
2345,
2346,
2347,
2348,
2349,3546.7100000000005
2350,292.71999999999997
2351,4954.840000000001
2352,1693.2599999999998
2353,575.63
2354,
2355,
2356,
2357,
2358,4805.17
2359,
2360,
2361,800.59
2362,
2363,1400.44
2364,173.16
2365,
2366,758.29
2367,1375.7099999999998
2368,4165.52
2369,650.4300000000001
2370,2552.86
2371,607.45
2372,702.25
2373,
2374,258.88
2375,
2376,348.6
2377,3679.9700000000003
2378,682.9100000000001
2379,725.11
2380,
2381,913.6800000000001
2382,478.5300000000001
2383,
2384,
2385,1771.78
2386,1406.5900000000001
2387,
2388,
2389,761.74
2390,6776.56
2391,1297.8700000000001
2392,
2393,
2394,1198.2300000000002
2395,2920.16
2396,
2397,1093.68
2398,
2399,
2400,1591.45
2401,195.15
2402,10399.74
2403,776.851
2404,
2405,1553.1799999999998
2406,1293.03
2407,3709.5600000000004
2408,
2409,588.13
2410,1534.2599999999998
2411,675.8
2412,2870.2400000000002
2413,1186.35
2414,3285.31
2415,
2416,724.76
2417,
2418,
2419,12515.66
2420,1887.1999999999998
2421,664.0
2422,813.0
2423,
2424,447.64
2425,657.3499999999999
2426,815.9999999999999
2427,646.3
2428,
2429,877.4399999999998
2430,922.53
2431,
2432,748.5
2433,
2434,1024.1000000000001
2435,
2436,1600.8600000000001
2437,309.79999999999995
2438,
2439,
2440,2242.01
2441,
2442,
2443,684.34
2444,
2445,2657.13
2446,2881.02
2447,2446.6
2448,323.69
2449,3435.7599999999998
2450,
2451,
2452,781.28
2453,1333.68
2454,1426.16
2455,
2456,2993.1000000000004
2457,254.1
2458,239.75999999999996
2459,
2460,
2461,6479.4
2462,
2463,2736.46
2464,
2465,696.68
2466,1542.14
2467,
2468,2293.6200000000003
2469,
2470,1060.56
2471,945.5800000000002
2472,3364.2400000000002
2473,
2474,1072.3600000000001
2475,356.7
2476,330.88
2477,1118.81
2478,
2479,5045.61
2480,
2481,
2482,2222.56
2483,
2484,218.25000000000003
2485,
2486,5178.959999999999
2487,
2488,1120.88
2489,294.12
2490,
2491,1339.45
2492,1205.12
2493,4812.42
2494,
2495,
2496,784.4599999999999
2497,
2498,1094.59
2499,
2500,974.04
2501,
2502,44534.3
2503,2465.48
2504,2637.38
2505,
2506,458.57
2507,2364.25
2508,532.96
2509,714.42
2510,
2511,253.04000000000002
2512,583.75
2513,1086.92
2514,3279.9699999999993
2515,
2516,621.8299999999998
2517,56252.720000000016
2518,
2519,
2520,
2521,
2522,1047.11
2523,475.28000000000003
2524,345.46
2525,2614.7400000000002
2526,
2527,2328.9700000000003
2528,4932.2
2529,948.05
2530,
2531,
2532,1612.69
2533,965.6099999999999
2534,
2535,2711.56
2536,2207.4
2537,884.14
2538,699.08
2539,1063.95
2540,
2541,
2542,4206.390000000001
2543,5528.4800000000005
2544,784.58
2545,903.9000000000001
2546,3734.97
2547,515.77
2548,1391.98
2549,2218.62
2550,1801.14
2551,1303.9099999999999
2552,1945.33
2553,2100.6
2554,1905.4500000000003
2555,
2556,570.96
2557,885.47
2558,
2559,
2560,1654.3099999999997
2561,1836.0900000000001
2562,636.14
2563,
2564,801.76
2565,
2566,2233.7499999999995
2567,954.09
2568,
2569,
2570,33643.08
2571,1048.49
2572,355.56
2573,1224.06
2574,
2575,
2576,3711.7699999999995
2577,389.2699999999999
2578,238.85000000000002
2579,160.71
2580,
2581,2974.65
2582,712.24
2583,16387.569999999996
2584,
2585,1438.8500000000001
2586,977.21
2587,3165.36
2588,832.88
2589,68.84
2590,1936.3200000000002
2591,895.1299999999999
2592,
2593,3812.64
2594,
2595,
2596,
2597,4405.879999999999
2598,493.28
2599,
2600,501.39000000000004
2601,516.36
2602,396.47999999999996
2603,379.34999999999997
2604,
2605,
2606,446.86999999999995
2607,
2608,263.55
2609,
2610,
2611,1388.88
2612,
2613,
2614,363.88
2615,5126.76
2616,
2617,1567.69
2618,967.4500000000002
2619,
2620,1232.18
2621,264.62
2622,1528.09
2623,
2624,334.23
2625,639.89
2626,
2627,
2628,
2629,
2630,
2631,
2632,2495.87
2633,1107.4600000000003
2634,416.86
2635,
2636,404.5799999999999
2637,6115.010000000001
2638,
2639,
2640,
2641,
2642,
2643,955.24
2644,364.72
2645,1765.51
2646,708.22
2647,806.5700000000002
2648,1659.3799999999999
2649,4416.26
2650,
2651,
2652,470.76000000000005
2653,845.6400000000001
2654,418.83
2655,666.1
2656,
2657,4199.85
2658,
2659,3442.15
2660,
2661,430.93999999999994
2662,1054.7299999999998
2663,
2664,2398.86
2665,3408.48
2666,1475.02
2667,2837.67
2668,1142.42
2669,
2670,1451.2799999999997
2671,
2672,792.11
2673,
2674,2797.5700000000006
2675,
2676,1060.6799999999998
2677,3089.97
2678,
2679,2735.37
2680,615.39
2681,
2682,1701.9400000000003
2683,478.78
2684,992.71
2685,407.50000000000006
2686,3362.71
2687,1415.29
2688,37130.6
2689,662.3799999999999
2690,705.39
2691,1508.76
2692,
2693,408.90000000000003
2694,3786.2400000000007
2695,851.01
2696,
2697,719.8099999999998
2698,
2699,
2700,
2701,934.6200000000001
2702,81024.84
2703,
2704,548.9400000000002
2705,8816.4
2706,437.70000000000005
2707,758.92
2708,855.0199999999999
2709,471.7800000000001
2710,1313.55
2711,3166.4
2712,1197.27
2713,773.99
2714,1340.7
2715,
2716,1111.79
2717,
2718,
2719,1511.95
2720,
2721,
2722,
2723,2263.12
2724,1459.86
2725,1153.62
2726,
2727,
2728,1521.8699999999997
2729,852.1499999999999
2730,
2731,
2732,
2733,2234.7300000000005
2734,
2735,1352.0
2736,217.15999999999997
2737,2806.9
2738,1317.62
2739,
2740,981.51
2741,1121.39
2742,315.06
2743,817.86
2744,
2745,1078.23
2746,
2747,
2748,2005.6299999999999
2749,731.9
2750,
2751,1842.1400000000003
2752,1429.64
2753,
2754,
2755,
2756,3204.1600000000008
2757,
2758,611.88
2759,1337.4799999999998
2760,195.73999999999998
2761,
2762,
2763,1667.97
2764,
2765,
2766,423.36
2767,
2768,867.1099999999999
2769,684.4200000000001
2770,
2771,
2772,
2773,6287.77
2774,
2775,1880.22
2776,3506.539999999999
2777,14589.04
2778,618.09
2779,
2780,709.3800000000001
2781,635.41
2782,725.18
2783,
2784,
2785,2424.94
2786,
2787,3799.4900000000007
2788,734.1300000000001
2789,
2790,
2791,280.52
2792,2053.02
2793,
2794,1824.2300000000002
2795,3122.04
2796,656.6899999999999
2797,
2798,1025.44
2799,5575.56
2800,
2801,856.6000000000001
2802,822.48
2803,3787.6
2804,1822.9699999999998
2805,1885.05
2806,
2807,1140.2099999999998
2808,1418.3199999999997
2809,1009.5500000000002
2810,1037.59
2811,
2812,
2813,
2814,10254.179999999998
2815,
2816,6617.65
2817,
2818,1158.79
2819,529.41
2820,4006.9400000000005
2821,6911.44
2822,981.8600000000001
2823,215.48
2824,
2825,5180.52
2826,
2827,
2828,1080.6200000000001
2829,1863.4699999999998
2830,
2831,592.9
2832,
2833,761.3800000000001
2834,537.0600000000001
2835,
2836,664.2600000000001
2837,2262.62
2838,21086.299999999996
2839,
2840,690.34
2841,
2842,1062.75
2843,
2844,
2845,304.25
2846,3084.6799999999994
2847,864.86
2848,
2849,1295.3
2850,1096.32
2851,255.12
2852,
2853,1010.5999999999999
2854,542.03
2855,990.88
2856,536.68
2857,867.31
2858,
2859,414.2
2860,3718.8
2861,2607.8699999999994
2862,3603.2100000000005
2863,409.1
2864,1522.75
2865,1413.66
2866,
2867,
2868,1800.07
2869,389.43999999999994
2870,3683.8599999999997
2871,2619.91
2872,
2873,
2874,5203.509999999999
2875,
2876,746.83
2877,5446.999999999999
2878,861.89
2879,
2880,
2881,1429.24
2882,
2883,
2884,
2885,
2886,
2887,1509.58
2888,
2889,
2890,1570.81
2891,823.97
2892,
2893,
2894,2248.9900000000002
2895,1328.5499999999997
2896,
2897,598.1999999999999
2898,
2899,5360.63
2900,
2901,632.27
2902,2560.0
2903,706.5699999999999
2904,616.26
2905,274.15000000000003
2906,
2907,2938.91
2908,1341.65
2909,
2910,
2911,1038.46
2912,373.65000000000003
2913,326.75
2914,
2915,428.68000000000006
2916,594.24
2917,3110.96
2918,3844.219999999999
2919,251.90999999999997
2920,1593.1999999999998
2921,26626.8
2922,
2923,
2924,
2925,
2926,1971.87
2927,322.41
2928,
2929,
2930,
2931,887.65
2932,1469.4499999999998
2933,
2934,1116.47
2935,
2936,494.44000000000005
2937,6675.71
2938,395.79999999999995
2939,211.77
2940,658.88
2941,2027.4999999999998
2942,1750.92
2943,3512.5300000000007
2944,896.66
2945,734.7700000000001
2946,
2947,707.04
2948,1540.4200000000003
2949,
2950,804.49
2951,497.43000000000006
2952,1553.66
2953,1320.5600000000002
2954,
2955,473.03
2956,987.01
2957,
2958,362.95
2959,2157.4
2960,
2961,668.36
2962,584.5
2963,555.89
2964,317.2
2965,
2966,1382.07
2967,
2968,3046.21
2969,1555.34
2970,1486.9
2971,1705.8
2972,408.57
2973,
2974,4098.32
2975,299.6
2976,
2977,
2978,167.25
2979,
2980,2126.93
2981,2028.88
2982,214.65
2983,
2984,
2985,126.25
2986,
2987,1051.4
2988,675.27
2989,972.2299999999999
2990,34684.4
2991,
2992,
2993,
2994,1908.25
2995,241.05999999999997
2996,
2997,
2998,642.81
2999,
3000,
3001,1522.25
3002,798.35
3003,3640.6699999999996
3004,381.2
3005,616.7900000000001
3006,654.67
3007,
3008,168472.5
3009,
3010,
3011,707.69
3012,
3013,
3014,6.9
3015,1841.18
3016,2158.37
3017,
3018,3482.7400000000002
3019,814.7199999999999
3020,
3021,136.0
3022,1422.4000000000003
3023,1314.68
3024,1603.46
3025,
3026,650.43
3027,762.39
3028,
3029,316.11
3030,1871.4999999999998
3031,544.3
3032,2494.46
3033,330.99999999999994
3034,
3035,
3036,
3037,
3038,404.29999999999995
3039,
3040,498.8
3041,
3042,1351.63
3043,
3044,684.41
3045,1599.5199999999998
3046,2965.6900000000005
3047,
3048,365.45
3049,400.86
3050,1431.9299999999998
3051,
3052,
3053,90.30000000000001
3054,
3055,
3056,950.26
3057,874.5899999999999
3058,1627.1300000000003
3059,
3060,
3061,484.32
3062,215.07999999999998
3063,1046.57
3064,9418.470000000001
3065,13027.449999999999
3066,
3067,
3068,
3069,
3070,1244.5900000000001
3071,6748.8
3072,1095.56
3073,
3074,
3075,1388.81
3076,
3077,
3078,787.15
3079,4154.64
3080,2298.97
3081,922.1200000000001
3082,379.73
3083,5719.82
3084,837.1
3085,285.89
3086,3313.79
3087,281.85
3088,8338.49
3089,841.4099999999999
3090,511.11999999999995
3091,
3092,
3093,614.66
3094,865.6
3095,
3096,3738.4000000000005
3097,1421.69
3098,1009.6
3099,663.61
3100,
3101,
3102,
3103,
3104,936.08
3105,
3106,
3107,459.24
3108,
3109,4113.68
3110,330.0299999999999
3111,
3112,
3113,250.15
3114,
3115,
3116,813.52
3117,
3118,
3119,482.47
3120,3347.7099999999996
3121,5493.46
3122,
3123,
3124,1187.66
3125,
3126,
3127,500.42
3128,
3129,2647.5900000000006
3130,
3131,178.96
3132,813.48
3133,
3134,810.5699999999999
3135,
3136,4413.1
3137,
3138,2188.05
3139,417.73
3140,2883.1
3141,217.9
3142,1154.47
3143,1680.7199999999998
3144,1257.51
3145,
3146,688.33
3147,
3148,833.78
3149,214.06
3150,
3151,
3152,6773.969999999999
3153,1212.6599999999999
3154,601.27
3155,3794.5199999999995
3156,8625.8
3157,933.6200000000001
3158,
3159,
3160,1267.6499999999999
3161,
3162,
3163,570.13
3164,306.71999999999997
3165,1374.87
3166,4095.9
3167,1692.2700000000002
3168,8134.9400000000005
3169,319.61
3170,1592.1200000000001
3171,3109.99
3172,
3173,
3174,1770.3400000000001
3175,1028.0
3176,66653.56
3177,
3178,3062.83
3179,1260.86
3180,422.5999999999999
3181,225.57999999999996
3182,1276.0
3183,482.01
3184,657.9000000000001
3185,
3186,1998.0000000000002
3187,5076.550000000001
3188,5398.3
3189,14034.99
3190,531.35
3191,
3192,3029.8699999999994
3193,2483.04
3194,1651.0300000000002
3195,3645.4299999999994
3196,6923.130000000001
3197,1161.53
3198,
3199,901.2
3200,3858.3800000000006
3201,
3202,1790.42
3203,
3204,
3205,4730.81
3206,589.15
3207,781.0200000000001
3208,1382.02
3209,
3210,1054.67
3211,7239.92
3212,743.11
3213,
3214,650.51
3215,2300.5599999999995
3216,
3217,
3218,
3219,
3220,2238.09
3221,1304.76
3222,7194.3
3223,6697.660000000001
3224,836.06
3225,1515.9
3226,623.93
3227,
3228,
3229,
3230,
3231,1496.83
3232,
3233,
3234,
3235,789.79
3236,
3237,1501.38
3238,
3239,2799.25
3240,
3241,
3242,5580.6
3243,478.09000000000003
3244,
3245,770.1
3246,2246.81
3247,
3248,661.52
3249,1695.66
3250,
3251,226.35000000000002
3252,245.94
3253,10629.720000000003
3254,425.19
3255,
3256,2279.9
3257,
3258,597.4799999999999
3259,
3260,1545.6200000000003
3261,1721.78
3262,
3263,
3264,1222.71
3265,
3266,
3267,
3268,1619.7299999999998
3269,
3270,536.99
3271,460.59000000000003
3272,801.49
3273,1121.59
3274,288.42
3275,914.69
3276,
3277,547.07
3278,
3279,1692.9800000000002
3280,6509.099999999999
3281,417.06
3282,1604.7499999999998
3283,3349.57
3284,
3285,
3286,460.64000000000004
3287,775.1800000000001
3288,
3289,128.5
3290,
3291,
3292,199.15000000000003
3293,1106.53
3294,
3295,180.85
3296,251.86999999999998
3297,3170.9799999999996
3298,588.85
3299,16594.35
3300,1869.82
3301,1264.19
3302,10196.57
3303,
3304,
3305,
3306,
3307,
3308,342.44999999999993
3309,144.91000000000003
3310,328.4
3311,
3312,
3313,747.81
3314,173.75999999999996
3315,502.8
3316,207.73999999999998
3317,825.4199999999998
3318,2812.34
3319,680.02
3320,7123.620000000001
3321,2095.53
3322,853.72
3323,
3324,1519.08
3325,
3326,705.12
3327,276.73
3328,
3329,471.51000000000005
3330,
3331,1578.67
3332,809.7
3333,525.54
3334,
3335,
3336,289.78
3337,508.80999999999995
3338,1281.56
3339,887.11
3340,
3341,
3342,3754.2699999999995
3343,3102.43
3344,579.7700000000001
3345,981.6499999999999
3346,
3347,1510.06
3348,2575.38
3349,
3350,
3351,621.6800000000001
3352,576.26
3353,
3354,1068.8199999999997
3355,2596.45
3356,
3357,7247.61
3358,846.75
3359,
3360,543.05
3361,2847.5999999999995
3362,1295.39
3363,380.54999999999995
3364,4604.220000000001
3365,
3366,563.2299999999999
3367,
3368,
3369,2736.38
3370,3049.8799999999997
3371,1920.59
3372,816.73
3373,4345.5
3374,
3375,435.02000000000004
3376,1286.27
3377,1178.56
3378,1277.7500000000002
3379,
3380,
3381,2085.08
3382,518.67
3383,
3384,416.64
3385,
3386,507.05000000000007
3387,
3388,
3389,
3390,2154.97
3391,
3392,439.43
3393,650.41
3394,
3395,
3396,
3397,1851.9999999999998
3398,1078.96
3399,
3400,1931.2500000000002
3401,4481.35
3402,5464.120000000001
3403,
3404,1625.0500000000002
3405,
3406,1133.25
3407,
3408,1614.3099999999997
3409,1456.96
3410,702.0000000000001
3411,295.0
3412,484.82000000000005
3413,3989.5699999999997
3414,1493.7300000000002
3415,1412.94
3416,781.78
3417,889.9300000000001
3418,
3419,
3420,586.33
3421,1842.56
3422,8694.26
3423,920.1
3424,1272.61
3425,
3426,95.85
3427,357.77000000000004
3428,154.82999999999998
3429,890.29
3430,715.9999999999999
3431,
3432,380.34999999999997
3433,1030.14
3434,745.52
3435,433.53000000000003
3436,
3437,
3438,
3439,1081.57
3440,1044.3799999999999
3441,1735.1800000000003
3442,
3443,339.43999999999994
3444,
3445,1100.9
3446,925.3499999999999
3447,5659.980000000001
3448,3228.8399999999997
3449,
3450,
3451,
3452,1356.3299999999997
3453,1179.89
3454,3095.04
3455,
3456,5232.2300000000005
3457,538.37
3458,1461.14
3459,859.3499999999999
3460,4552.14
3461,2709.7
3462,
3463,2429.03
3464,1446.0900000000001
3465,834.12
3466,841.0799999999998
3467,
3468,
3469,287.62
3470,290.1600000000001
3471,2003.85
3472,1405.78
3473,
3474,1566.65
3475,2050.08
3476,1991.01
3477,2043.95
3478,3827.7599999999998
3479,1777.7800000000002
3480,
3481,1324.16
3482,1022.1300000000001
3483,954.42
3484,
3485,1621.7300000000002
3486,
3487,665.7799999999999
3488,10815.43
3489,885.04
3490,
3491,
3492,808.6199999999999
3493,837.5
3494,
3495,
3496,606.91
3497,
3498,
3499,
3500,
3501,
3502,1004.7499999999999
3503,
3504,2463.17
3505,4892.240000000001
3506,425.0
3507,1139.73
3508,
3509,10668.47
3510,
3511,
3512,984.5700000000002
3513,749.78
3514,1714.5900000000001
3515,
3516,1689.5
3517,
3518,
3519,251.70000000000002
3520,319.0
3521,1266.9699999999998
3522,1538.8800000000003
3523,3518.0300000000007
3524,1715.4599999999998
3525,293.1
3526,2467.35
3527,
3528,206.34
3529,835.78
3530,
3531,
3532,3766.6
3533,
3534,1443.6899999999998
3535,
3536,711.79
3537,796.03
3538,239.92000000000002
3539,3347.31
3540,144.0
3541,
3542,2474.23
3543,384.40000000000003
3544,444.74000000000007
3545,2095.13
3546,1699.3000000000004
3547,262.62
3548,
3549,692.2200000000001
3550,
3551,3563.8500000000004
3552,1564.56
3553,
3554,
3555,2317.2200000000003
3556,
3557,2781.2300000000005
3558,1069.1200000000001
3559,
3560,1960.7200000000003
3561,
3562,3198.25
3563,335.13
3564,
3565,426.79
3566,
3567,939.32
3568,1906.09
3569,318.76
3570,3638.41
3571,3174.3200000000006
3572,421.52
3573,
3574,
3575,550.06
3576,916.1300000000001
3577,314.69
3578,3744.65
3579,
3580,1135.04
3581,8676.849999999999
3582,
3583,
3584,
3585,
3586,384.52000000000004
3587,
3588,353.86
3589,
3590,272.44
3591,298.41
3592,240.0
3593,603.37
3594,1253.3600000000001
3595,
3596,562.9
3597,310.64
3598,
3599,763.6399999999999
3600,2148.63
3601,
3602,1065.3500000000001
3603,
3604,
3605,1703.4100000000003
3606,1652.58
3607,
3608,1064.11
3609,1419.7300000000002
3610,944.4100000000001
3611,525.24
3612,
3613,1875.1100000000001
3614,556.95
3615,
3616,498.41999999999996
3617,669.11
3618,
3619,1135.63
3620,
3621,8631.309999999998
3622,
3623,1384.85
3624,644.3
3625,
3626,2527.92
3627,6292.26
3628,2600.34
3629,1200.6200000000001
3630,700.86
3631,921.0699999999999
3632,990.23
3633,
3634,523.1100000000001
3635,363.9
3636,
3637,
3638,307.02
3639,2027.8700000000001
3640,6643.929999999999
3641,243.36
3642,12353.29
3643,781.36
3644,
3645,
3646,537.74
3647,2676.56
3648,
3649,1159.52
3650,
3651,1286.07
3652,587.1500000000001
3653,1740.0000000000002
3654,
3655,
3656,
3657,365.85
3658,
3659,585.79
3660,488.2
3661,312.23
3662,4481.18
3663,4801.56
3664,
3665,1912.6700000000003
3666,446.17999999999995
3667,423.89
3668,1342.68
3669,646.92
3670,495.77
3671,400.09999999999997
3672,203.2
3673,4100.92
3674,
3675,20275.610000000004
3676,
3677,
3678,336.4
3679,
3680,2686.42
3681,784.1100000000001
3682,1259.56
3683,31833.679999999997
3684,
3685,457.90999999999997
3686,
3687,7330.800000000001
3688,
3689,653.38
3690,2129.96
3691,2633.85
3692,
3693,31906.820000000003
3694,1031.41
3695,2200.42
3696,
3697,771.85
3698,1214.7200000000003
3699,778.9400000000002
3700,1258.0599999999997
3701,778.0
3702,
3703,6893.42
3704,463.46000000000004
3705,4226.57
3706,598.83
3707,1979.3700000000001
3708,698.41
3709,759.17
3710,5037.26
3711,
3712,17256.850000000002
3713,524.9200000000001
3714,265.76
3715,
3716,365.76
3717,
3718,2373.82
3719,216.29999999999998
3720,
3721,186.42000000000002
3722,2248.56
3723,
3724,2940.04
3725,120.89999999999999
3726,541.53
3727,2520.8600000000006
3728,194550.79
3729,1721.4
3730,486.71999999999997
3731,517.5300000000001
3732,
3733,
3734,1737.7
3735,
3736,657.3
3737,622.4300000000001
3738,757.46
3739,675.69
3740,1896.4100000000003
3741,
3742,763.28
3743,137.0
3744,1870.97
3745,1125.07
3746,710.29
3747,
3748,
3749,1255.59
3750,414.04
3751,
3752,376.64
3753,2092.32
3754,3558.8700000000003
3755,
3756,497.56
3757,
3758,
3759,
3760,1138.0
3761,
3762,689.1
3763,558.96
3764,2997.0299999999997
3765,1145.84
3766,
3767,605.58
3768,
3769,6115.14
3770,
3771,91062.38
3772,2924.9900000000007
3773,
3774,
3775,639.02
3776,768.08
3777,
3778,1844.02
3779,
3780,723.2099999999998
3781,1070.7099999999998
3782,652.74
3783,
3784,
3785,1195.8999999999999
3786,939.3700000000001
3787,3628.4999999999995
3788,2385.0
3789,
3790,
3791,
3792,
3793,897.62
3794,
3795,578.9
3796,
3797,
3798,
3799,148.86
3800,267.16
3801,
3802,930.41
3803,
3804,1952.45
3805,483.26000000000005
3806,
3807,541.46
3808,854.95
3809,
3810,1122.3799999999999
3811,454.01
3812,901.21
3813,4331.48
3814,
3815,1498.51
3816,226.75000000000003
3817,380.6
3818,
3819,3622.6799999999994
3820,
3821,448.90000000000003
3822,215.72
3823,11045.039999999999
3824,
3825,1242.3
3826,1133.07
3827,1240.2
3828,2404.17
3829,1479.22
3830,2225.9700000000003
3831,3927.3400000000006
3832,993.1799999999998
3833,388.78999999999996
3834,2827.93
3835,
3836,
3837,
3838,5102.969999999999
3839,
3840,309.36
3841,
3842,1112.2200000000003
3843,3984.22
3844,2048.45
3845,4559.150000000001
3846,
3847,329.6
3848,571.1999999999999
3849,971.58
3850,
3851,
3852,1379.9
3853,
3854,843.48
3855,2046.9999999999998
3856,
3857,1814.12
3858,503.5999999999999
3859,528.33
3860,1324.84
3861,2361.9700000000003
3862,
3863,547.0600000000001
3864,
3865,
3866,712.29
3867,
3868,2895.64
3869,1008.39
3870,
3871,1797.4999999999998
3872,
3873,
3874,3945.0
3875,4867.72
3876,1207.56
3877,
3878,2638.9400000000005
3879,1674.69
3880,595.4200000000001
3881,2999.4600000000005
3882,
3883,1802.91
3884,604.64
3885,728.16
3886,2055.51
3887,347.75
3888,3406.72
3889,
3890,1572.71
3891,3178.17
3892,1629.12
3893,551.04
3894,20374.280000000002
3895,1387.6799999999998
3896,16363.23
3897,
3898,1992.1100000000001
3899,
3900,2474.33
3901,
3902,3191.5300000000007
3903,5739.46
3904,4757.95
3905,290.4000000000001
3906,740.9399999999999
3907,
3908,
3909,765.34
3910,2285.71
3911,
3912,
3913,2534.6400000000003
3914,
3915,1824.37
3916,798.74
3917,885.19
3918,1823.5200000000002
3919,10504.49
3920,152.40000000000003
3921,267.08
3922,
3923,385.1
3924,
3925,
3926,
3927,5655.989999999999
3928,
3929,5396.04
3930,1195.94
3931,2424.0400000000004
3932,3276.4
3933,1033.0
3934,3439.0799999999995
3935,
3936,2876.0099999999998
3937,5298.4800000000005
3938,1240.11
3939,
3940,692.19
3941,700.63
3942,13110.020000000002
3943,377.44000000000005
3944,168.23999999999998
3945,1879.05
3946,2791.35
3947,355.10999999999996
3948,2322.4
3949,
3950,
3951,674.5199999999999
3952,1797.57
3953,
3954,1772.26
3955,5605.29
3956,3456.7000000000003
3957,834.9899999999999
3958,287.59
3959,
3960,
3961,818.82
3962,371.87999999999994
3963,
3964,2273.1800000000003
3965,3997.9799999999996
3966,1143.27
3967,245.80999999999997
3968,
3969,1225.41
3970,
3971,665.8600000000001
3972,658.57
3973,188.02
3974,283.47
3975,
3976,278.74
3977,1865.19
3978,1117.9
3979,
3980,1965.5500000000002
3981,
3982,
3983,350.38999999999993
3984,697.9
3985,780.43
3986,3055.93
3987,1199.01
3988,1285.04
3989,
3990,
3991,5411.91
3992,7837.7300000000005
3993,732.16
3994,1770.8799999999997
3995,36.56
3996,387.68
3997,3704.8699999999994
3998,
3999,1995.46
4000,1820.0899999999997
4001,
4002,398.70000000000005
4003,
4004,
4005,350.64
4006,
4007,1593.38
4008,2779.3
4009,
4010,40991.57
4011,
4012,
4013,
4014,901.1999999999999
4015,605.8000000000001
4016,5391.21
4017,
4018,311.26
4019,
4020,1418.03
4021,26879.040000000005
4022,5155.66
4023,
4024,
4025,2100.8
4026,
4027,3160.0
4028,597.5
4029,10526.320000000002
4030,
4031,1197.1000000000001
4032,428.18
4033,1894.35
4034,
4035,1859.16
4036,683.46
4037,
4038,
4039,
4040,
4041,
4042,671.77
4043,717.45
4044,
4045,899.61
4046,
4047,726.0499999999998
4048,203.87000000000003
4049,602.09
4050,
4051,244.1
4052,
4053,1119.81
4054,
4055,
4056,566.6
4057,152.06
4058,
4059,
4060,
4061,
4062,800.24
4063,
4064,
4065,
4066,311.01
4067,411.6
4068,
4069,341.28
4070,
4071,4204.1
4072,826.52
4073,
4074,2962.5
4075,
4076,397.29
4077,212.54
4078,843.0
4079,1740.48
4080,408.36
4081,1331.57
4082,704.2499999999999
4083,145.79
4084,
4085,4301.22
4086,
4087,4106.4400000000005
4088,
4089,
4090,149.57999999999998
4091,
4092,
4093,58510.48000000001
4094,482.19999999999993
4095,1008.54
4096,2332.72
4097,557.3
4098,
4099,
4100,
4101,
4102,1296.44
4103,
4104,471.69999999999993
4105,2622.57
4106,1098.4299999999998
4107,
4108,
4109,228.19999999999996
4110,
4111,
4112,
4113,740.79
4114,4488.81
4115,
4116,
4117,
4118,757.7099999999999
4119,811.4500000000002
4120,
4121,
4122,
4123,
4124,201.11999999999998
4125,630.8399999999999
4126,
4127,678.4899999999999
4128,
4129,1970.6699999999998
4130,382.06
4131,417.23
4132,
4133,249.71999999999997
4134,
4135,2116.19
4136,
4137,
4138,
4139,
4140,
4141,
4142,1483.56
4143,523.0
4144,122.14
4145,
4146,
4147,
4148,
4149,230.64999999999998
4150,
4151,
4152,
4153,730.4
4154,405.62
4155,70.02
4156,357.20000000000005
4157,4183.39
4158,
4159,559.51
4160,2088.6
4161,
4162,
4163,
4164,
4165,6784.1900000000005
4166,
4167,
4168,306.46
4169,2119.41
4170,720.5199999999999
4171,814.0
4172,2392.83
4173,
4174,
4175,
4176,2036.67
4177,453.0
4178,
4179,3877.52
4180,
4181,2611.7500000000005
4182,2633.0099999999998
4183,336.13000000000005
4184,3651.9700000000003
4185,1231.5
4186,343.45000000000005
4187,
4188,
4189,689.95
4190,
4191,4055.719999999999
4192,
4193,9068.26
4194,2106.52
4195,3017.3
4196,580.0500000000001
4197,911.1499999999999
4198,2697.8
4199,
4200,223.65
4201,259657.3
4202,
4203,
4204,
4205,
4206,8052.97
4207,
4208,352.69
4209,
4210,
4211,1418.03
4212,
4213,5653.820000000001
4214,
4215,
4216,673.1
4217,1826.21
4218,589.4399999999999
4219,1142.99
4220,
4221,348.73
4222,
4223,1059.39
4224,
4225,681.91
4226,784.3299999999999
4227,
4228,
4229,1019.52
4230,1000.16
4231,2888.7499999999995
4232,2861.55
4233,160.35000000000002
4234,179.33999999999997
4235,612.0799999999999
4236,566.58
4237,653.3499999999999
4238,399.19000000000005
4239,371.62
4240,734.9399999999999
4241,453.4
4242,
4243,638.0600000000001
4244,1618.6899999999998
4245,
4246,
4247,1384.8600000000001
4248,1169.94
4249,
4250,980.3100000000001
4251,1231.31
4252,7561.679999999999
4253,2106.84
4254,
4255,
4256,1341.42
4257,1590.81
4258,1793.1700000000003
4259,1843.7500000000002
4260,
4261,632.07
4262,
4263,
4264,2001.0400000000002
4265,1090.24
4266,284.46000000000004
4267,
4268,
4269,
4270,
4271,689.13
4272,5425.56
4273,
4274,1396.9900000000002
4275,
4276,1993.7
4277,517.36
4278,
4279,2621.3799999999997
4280,600.07
4281,
4282,
4283,
4284,
4285,621.75
4286,662.08
4287,2069.77
4288,
4289,1041.6099999999997
4290,
4291,6484.54
4292,
4293,5509.12
4294,5228.050000000001
4295,
4296,779.9000000000001
4297,7276.900000000001
4298,2810.2000000000003
4299,2083.2700000000004
4300,592.97
4301,
4302,1796.48
4303,882.24
4304,987.1000000000001
4305,1561.61
4306,
4307,2073.09
4308,2232.4900000000002
4309,2567.06
4310,596.1
4311,804.0199999999999
4312,
4313,
4314,
4315,526.67
4316,
4317,2337.63
4318,2338.6000000000004
4319,2643.2000000000003
4320,324.24
4321,
4322,1213.1599999999999
4323,801.51
4324,
4325,
4326,283.1499999999999
4327,3078.5800000000004
4328,204.0
4329,
4330,
4331,
4332,
4333,
4334,
4335,178.05
4336,2094.88
4337,1837.2799999999997
