CustomerID,DynamicPrice
0,69465.24
1,3879.0
2,1797.24
3,1757.55
4,334.4
5,2255.436
6,89.0
7,1079.4
8,459.4
9,2530.287
10,5586.903
11,1168.06
12,5735.322
13,2395.854
14,189.9
15,4703.607
16,552.0
17,1313.1
18,641.38
19,168.9
20,3191.121
21,1887.96
22,1298.04
23,364.6
24,742.9300000000001
25,457.5
26,1628.12
27,3607.758
28,852.24
29,2452.329
30,1845.31
31,1850.56
32,585.27
33,401.9
34,2502.594
35,549.84
36,460.89
37,1582.6000000000001
38,1272.48
39,2716.7670000000003
40,2168.9100000000003
41,1635.6599999999999
42,1108.65
43,84.3
44,225.6
45,427.7
46,1710.39
47,3073.7700000000004
48,1708.1200000000001
49,2599.695
50,9965.403
51,693.3299999999999
52,1226.88
53,758.1
54,562.41
55,112423.077
56,3284.19
57,668.58
58,600.39
59,807.04
60,803.5600000000001
61,1859.31
62,1760.96
63,777.2
64,582.73
65,825.8
66,7160.814
67,3375.36
68,256.4
69,5838.705
70,4553.388
71,12038.283000000001
72,806.14
73,7046.901000000001
74,509.01
75,4456.269
76,2616.165
77,173.55
78,172.06
79,4504.914
80,133.4
81,1002.3100000000001
82,476.49
83,449.45
84,3660.561
85,197.88
86,8131.968000000001
87,430.57
88,707.09
89,3175.5060000000003
90,2220.174
91,2862.936
92,2126.907
93,947.4
94,826.88
95,1189.59
96,1344.78
97,1212.05
98,742.1899999999999
99,729.5400000000001
100,17841.645
101,5914.898999999999
102,3544.6949999999997
103,6638.211
104,723.38
105,6134.778
106,11897.766
107,680.99
108,527.2
109,2953.467
110,5036.688
111,2236.482
112,4087.5480000000002
113,1298.66
114,334.93
115,4876.137000000001
116,460.40000000000003
117,263.21000000000004
118,433.74
119,1246.1000000000001
120,1043.1
121,403.70000000000005
122,3832.038
123,1952.451
124,3351.483
125,482.04999999999995
126,73.5
127,1304.81
128,398.27
129,176.5
130,982.5699999999999
131,138.03
132,612.29
133,1017.68
134,383.7
135,1312.06
136,2252.556
137,2056.89
138,340.84
139,2370.8340000000003
140,599.68
141,192.72
142,1789.77
143,4037.148
144,1316.66
145,348.71000000000004
146,1933.48
147,1662.28
148,125.22
149,349.83000000000004
150,1089.18
151,716.35
152,11341.647000000003
153,363.95
154,5011.515
155,12060.216
156,981.18
157,372.7
158,1000.39
159,1161.5
160,207.79999999999998
161,95.19999999999999
162,964.83
163,168.0
164,437.82
165,3323.052
166,603.71
167,10791.864000000001
168,269.96
169,561.71
170,1920.6090000000002
171,238.85
172,3403.5660000000003
173,456.9
174,145.92
175,351.65
176,8461.152
177,3712.2209999999995
178,519.61
179,1020.42
180,160.54000000000002
181,218.45
182,1315.83
183,657.8
184,2515.059
185,440.42
186,415.7
187,197.71
188,511.36
189,6553.242
190,2104.335
191,2040.1
192,196.94000000000003
193,144.0
194,214.89999999999998
195,646.68
196,8877.834
197,452.84999999999997
198,437.6
199,418.09999999999997
200,3004.398
201,618.27
202,3430.098
203,2720.772
204,1032.58
205,2339.136
206,577.0600000000001
207,153.12
208,739.1999999999999
209,254.18
210,1579.51
211,1126.85
212,1889.586
213,1193.32
214,704.0400000000001
215,3009.942
216,315.6
217,2062.071
218,713.3
219,355.53
220,177.31
221,3277.116
222,1339.41
223,12320.703
224,180.1
225,305.1
226,641.13
227,2415.438
228,5958.432
229,4030.6769999999997
230,786.46
231,1270.88
232,640.5
233,1947.582
234,1689.18
235,5419.71
236,671.69
237,486.1
238,1174.58
239,185.9
240,1013.26
241,3010.176
242,477.91
243,1775.18
244,1346.97
245,3350.538
246,318.05
247,623.51
248,314.44
249,114.0
250,919.98
251,1988.865
252,601.98
253,3646.0530000000003
254,1643.18
255,686.05
256,91.68
257,245.1
258,3464.802
259,4393.692
260,63.0
261,620.13
262,3426.435
263,2469.627
264,2696.445
265,225.89999999999998
266,610.52
267,1970.6
268,1331.39
269,15865.614
270,1113.02
271,862.81
272,12408.786000000002
273,11059.398
274,7628.913
275,2055.2670000000003
276,2576.772
277,89.14
278,4386.429
279,1247.61
280,389.01
281,1035.8
282,855.91
283,869.67
284,582.1
285,957.59
286,4445.991
287,797.71
288,219.0
289,283.55
290,2106.7560000000003
291,6181.461
292,603.42
293,2441.619
294,8762.868
295,1149.02
296,3956.5170000000003
297,848.55
298,4237.974
299,353.86
300,1053.49
301,1030.98
302,238.25
303,644.95
304,5203.557
305,2390.5170000000003
306,997.63
307,725.07
308,1031.41
309,427.8
310,2348.19
311,3582.63
312,836.33
313,453.01
314,17006.319
315,236.26000000000002
316,383.95
317,110.39999999999999
318,779.5699999999999
319,234.0
320,155.35
321,1013.04
322,427.6
323,546.43
324,19151.361
325,3776.409
326,30347.757000000005
327,3681.7920000000004
328,275.88
329,3930.102
330,19286.451
331,2709.6659999999997
332,3430.755
333,112.07999999999998
334,7071.39
335,2512.431
336,1531.44
337,1898.52
338,494.08
339,1693.88
340,6290.667
341,1143.6
342,1351.45
343,892.47
344,1386.04
345,822.23
346,3583.224
347,826.74
348,2097.828
349,2003.319
350,574.42
351,311.95
352,463.66
353,91.85
354,324.92
355,192.60000000000002
356,400.53999999999996
357,545.48
358,860.41
359,430.48
360,254.03
361,6279.336
362,427.58
363,483.65000000000003
364,489.31
365,514.85
366,229.64000000000001
367,125.92
368,1063.46
369,572.2
370,166.04
371,1542.08
372,942.34
373,92.72
374,948.88
375,1759.5
376,397.12
377,1474.72
378,430.15000000000003
379,1018.71
380,293.0
381,6133.176
382,215.05
383,383.03
384,417.38
385,312.38
386,2351.574
387,134.1
388,683.13
389,5032.278
390,2454.093
391,3620.115
392,1118.99
393,1702.26
394,325.96000000000004
395,354.09
396,871.54
397,1050.8899999999999
398,135.18
399,311.55
400,1957.1000000000001
401,1324.5
402,38.1
403,1961.937
404,1106.4
405,521.2
406,147.12
407,1568.23
408,559.12
409,3633.1380000000004
410,1607.0600000000002
411,380.64
412,599.97
413,374.0
414,343.2300000000001
415,1996.218
416,1535.77
417,854.99
418,573.22
419,298.0
420,1463.04
421,703.47
422,309.05
423,1175.22
424,1378.4
425,354.12
426,380.46999999999997
427,331.0
428,188.14
429,372.8
430,216.5
431,15889.086000000001
432,138.68
433,509.58
434,2627.829
435,750.0
436,1960.803
437,2767.536
438,1662.3
439,2235.2670000000003
440,363.65
441,2705.5350000000003
442,594.0
443,1335.19
444,164.23
445,14928.381000000001
446,405.38
447,176.97
448,933.7
449,694.05
450,1856.4300000000003
451,117.85
452,415.8
453,37850.364
454,607.53
455,1944.6299999999999
456,1063.9
457,1504.27
458,114.14
459,10423.619999999999
460,913.54
461,683.9
462,604.51
463,462.95
464,1603.99
465,1858.455
466,3750.4980000000005
467,1843.0
468,1064.07
469,1387.79
470,329.85
471,4281.444
472,108.07
473,3615.786
474,266.39
475,1856.63
476,771.91
477,160.18
478,1660.9
479,135.95
480,452.24
481,10070.919
482,144.8
483,738.6
484,39.239999999999995
485,6637.410000000001
486,372.21999999999997
487,390.54
488,97.5
489,1239.38
490,558.7
491,535.32
492,6231.6990000000005
493,409.5
494,503.76
495,414.76
496,974.4200000000001
497,211.32
498,1226.89
499,455.88
500,534.85
501,8836.938
502,120.94999999999999
503,149.05
504,5090.319
505,513.7
506,81.57
507,229.46999999999997
508,50.550000000000004
509,1661.8400000000001
510,4329.8460000000005
511,3119.652
512,3011.652
513,789.89
514,204.0
515,6549.93
516,2354.742
517,689.9
518,975.36
519,6220.8
520,661.3199999999999
521,1247.5
522,799.48
523,1010.18
524,190.55
525,642.77
526,921.88
527,881.07
528,908.46
529,676.99
530,516.42
531,560.47
532,305.28000000000003
533,629.31
534,2913.786
535,1835.91
536,656.6800000000001
537,5253.174
538,348.15000000000003
539,1214.41
540,271.40000000000003
541,183.4
542,307.53
543,248.61
544,346.98
545,1119.49
546,205.86
547,470.8
548,115.46000000000001
549,344.0
550,3992.508
551,228.8
552,177.15
553,919.61
554,729.27
555,11365.146
556,220.10000000000002
557,58.08
558,25503.642
559,3252.2670000000003
560,303.75
561,416.08000000000004
562,52943.247
563,8019.738
564,345.82
565,477.83
566,7049.223
567,1927.3200000000002
568,74.39999999999999
569,5409.378000000001
570,25994.196
571,207.35999999999999
572,101.19
573,5781.6810000000005
574,243.94
575,1098.48
576,76.5
577,1531.6200000000001
578,350.06
579,786.54
580,1488.67
581,11021.364000000001
582,2065.302
583,501.14
584,984.91
585,1197.81
586,30.599999999999998
587,283.73
588,922.39
589,3479.697
590,1889.676
591,259.17
592,64.0
593,1073.3
594,77.3
595,109.8
596,1793.58
597,2786.4
598,2346.849
599,3285.369
600,962.39
601,4558.446
602,423.72
603,2149.875
604,307.09
605,110.95
606,618.52
607,228.91
608,712.8000000000001
609,3336.408
610,1676.06
611,1257.8700000000001
612,486.22
613,971.76
614,1741.22
615,1201.06
616,1437.85
617,91.8
618,112.75
619,1688.29
620,1021.48
621,417.2
622,791.33
623,1319.19
624,712.88
625,116.00999999999999
626,468.41
627,353.65
628,2535.327
629,492.84
630,282.45
631,5152.923000000001
632,121.18
633,3562.0020000000004
634,1701.29
635,71.4
636,1575.89
637,236.02
638,114.60000000000001
639,260.68
640,911.94
641,117.88
642,60.7
643,1797.78
644,3061.1160000000004
645,8835.408000000001
646,870.09
647,869.46
648,250.26000000000002
649,1223.9
650,5302.449
651,353.48
652,1197.42
653,788.08
654,1520.58
655,333.74
656,533.98
657,62.63999999999999
658,819.2900000000001
659,847.41
660,163.20000000000002
661,1940.3549999999998
662,5817.456
663,108.21000000000001
664,257.7
665,358.0
666,160.95
667,2526.2729999999997
668,1357.6
669,605.12
670,1031.07
671,744.85
672,700.73
673,329.56
674,663.65
675,270.40000000000003
676,600.07
677,121.74000000000001
678,430.5
679,1987.3
680,501.12
681,465.68
682,711.41
683,1030.4
684,399.51
685,698.58
686,292.32
687,557.62
688,944.1
689,200.29
690,6708.663
691,1896.894
692,3450.834
693,4069.341
694,2893.221
695,4811.607000000001
696,590.0
697,217.38
698,276.56
699,138.98
700,590.9300000000001
701,258.4
702,542.73
703,137.75
704,814.86
705,1132.14
706,93.66
707,201.19
708,2438.208
709,361.11
710,578.9399999999999
711,873.74
712,201.20000000000002
713,87.4
714,1880.865
715,360.0
716,142.5
717,371.89
718,618.09
719,63.75
720,300.42
721,2000.86
722,15.0
723,1385.51
724,1456.79
725,1132.03
726,598.57
727,1555.32
728,775.94
729,5379.957
730,2046.312
731,640.76
732,9760.995
733,1548.7
734,567.36
735,199.48000000000002
736,787.85
737,6409.755
738,675.3
739,3264.993
740,1308.48
741,789.0
742,1140.93
743,350.9
744,3183.1380000000004
745,795.12
746,487.02
747,860.12
748,9662.832
749,775.85
750,353.43
751,2289.348
752,389.5
753,341.36
754,233.76
755,247.32
756,979.12
757,373.94
758,397.97999999999996
759,743.53
760,674.7
761,768.24
762,609.95
763,439.03
764,439.56
765,2781.666
766,992.5
767,134.95999999999998
768,2002.8329999999999
769,56.160000000000004
770,623.4
771,308.28000000000003
772,754.87
773,378.64
774,2981.025
775,778.65
776,1019.76
777,572.56
778,3275.379
779,222.99
780,3736.7370000000005
781,534.57
782,677.1
783,797.96
784,544.08
785,59.8
786,2268.018
787,307.72
788,1360.99
789,1544.13
790,457.34
791,621.23
792,75.0
793,252.49
794,572.451
795,25305.336000000003
796,1003.06
797,213.55
798,1390.5
799,712.5
800,640.83
801,5514.687000000001
802,221.06
803,159.85
804,1851.08
805,2363.67
806,1624.21
807,3277.188
808,582.6
809,218.47
810,1006.8
811,679.45
812,1269.1
813,534.24
814,3428.9010000000003
815,196.89
816,3067.254
817,283.71
818,296.64
819,1129.14
820,3185.433
821,291.88
822,2043.7199999999998
823,2678.5350000000003
824,590.0
825,356.97999999999996
826,1058.34
827,1766.72
828,8681.913
829,183.44
830,1445.0
831,151.5
832,674.68
833,307.9
834,1083.71
835,5134.473
836,165.0
837,2278.422
838,422.64
839,229.59
840,1431.78
841,1238.47
842,1454.58
843,300.95
844,1804.56
845,184.64
846,140.34
847,313.8
848,454.24
849,1122.41
850,575.4
851,8071.478999999999
852,449.52
853,1215.82
854,1269.84
855,618.63
856,316.26000000000005
857,2044.8700000000001
858,653.33
859,348.05
860,1159.11
861,1166.77
862,1340.32
863,292.0
864,216.85
865,295.93
866,3954.2670000000003
867,458.52
868,2231.244
869,110.97
870,979.72
871,1791.56
872,251.21
873,205.1
874,152.20000000000002
875,891.12
876,1389.41
877,1915.5780000000002
878,659.4399999999999
879,122.75
880,3261.915
881,1093.65
882,125.80000000000001
883,3568.3920000000003
884,680.1800000000001
885,628.78
886,2058.7590000000005
887,307.76
888,483.8
889,210.31
890,270.79
891,5283.072
892,3103.4610000000002
893,1280.85
894,631.34
895,291.41
896,626.99
897,682.41
898,918.2
899,91.80000000000001
900,3366.063
901,3734.352
902,584.06
903,605.06
904,174.37
905,141.85999999999999
906,1799.33
907,777.53
908,1749.02
909,240.22
910,874.71
911,192.85
912,373.75
913,239.49
914,1883.0880000000002
915,1384.25
916,294.4
917,732.0699999999999
918,6045.606000000001
919,1687.6000000000001
920,467.04
921,118.0
922,781.03
923,142.4
924,712.4
925,2231.055
926,379.65
927,1981.92
928,1117.13
929,247.95999999999998
930,2037.0800000000002
931,396.97
932,697.04
933,180.17000000000002
934,4638.303
935,219.52
936,693.32
937,428.89
938,164.34
939,280.53999999999996
940,678.01
941,1131.88
942,1171.8
943,1610.46
944,417.69
945,544.18
946,177.34
947,213.85
948,747.78
949,257.23
950,1638.47
951,7013.124
952,2031.78
953,2763.378
954,1909.143
955,1575.16
956,1071.03
957,949.12
958,810.5
959,122.64
960,1033.34
961,354.8
962,519.44
963,2361.8340000000003
964,252.1
965,1678.1200000000001
966,346.6
967,1836.34
968,94.2
969,1095.08
970,2436.597
971,932.97
972,379.65
973,382.14
974,2375.253
975,1573.2
976,897.76
977,189.47
978,84.65
979,305.02
980,5727.231000000001
981,218.55
982,349.7
983,186.39000000000001
984,396.92
985,486.82000000000005
986,232.6
987,3350.1780000000003
988,827.83
989,59.5
990,67.23
991,2807.496
992,72.0
993,910.0
994,172.25
995,1488.32
996,58535.658
997,2253.717
998,151.29999999999998
999,308.58000000000004
1000,2038.608
1001,99.5
1002,2077.254
1003,711.86
1004,330.79
1005,806.41
1006,296.88
1007,5695.245
1008,180.48
1009,252.06
1010,228.84
1011,1079.34
1012,138.28
1013,1445.01
1014,306.55
1015,1041.68
1016,799.9
1017,524.14
1018,2137.869
1019,199.85000000000002
1020,1980.56
1021,1079.6599999999999
1022,333.48
1023,1016.14
1024,752.6
1025,610.59
1026,491.86
1027,2596.7160000000003
1028,731.9
1029,339.59999999999997
1030,216.9
1031,350.75
1032,668.4300000000001
1033,2817.918
1034,1341.6
1035,1156.36
1036,300.04
1037,79.6
1038,948.25
1039,1647.26
1040,296.25
1041,1186.28
1042,741.26
1043,282.59999999999997
1044,1945.215
1045,4670.568
1046,2871.4950000000003
1047,659.4100000000001
1048,286.79
1049,1070.65
1050,306.72
1051,1714.96
1052,1521.76
1053,15498.324
1054,2516.8590000000004
1055,2371.005
1056,1132.13
1057,345.0
1058,23379.444
1059,178.7
1060,360.01
1061,127.84
1062,912.0
1063,2216.511
1064,230.39999999999998
1065,309.04
1066,348.8
1067,1516.0
1068,195.55
1069,33438.465
1070,688.86
1071,558.32
1072,324.8
1073,4139.478
1074,277.07
1075,2372.2110000000002
1076,924.6
1077,256.38
1078,112.6
1079,1747.66
1080,155.05
1081,1499.01
1082,814.5
1083,539.0
1084,1366.8600000000001
1085,1579.12
1086,3624.6240000000003
1087,571.6700000000001
1088,382.98
1089,1140.35
1090,385.64
1091,632.0
1092,957.66
1093,1698.94
1094,189.5
1095,412.05
1096,209.49
1097,1982.6909999999998
1098,52.199999999999996
1099,384.8
1100,834.57
1101,271.24
1102,691.73
1103,85.0
1104,3047.058
1105,361.62
1106,312.98
1107,865.0600000000001
1108,1255.0
1109,1537.95
1110,1595.48
1111,2386.3140000000003
1112,1090.14
1113,7298.567999999999
1114,388.5
1115,216.17
1116,201.16
1117,1245.9
1118,1988.4240000000002
1119,305.78
1120,501.56
1121,145.67000000000002
1122,1015.29
1123,2873.286
1124,2794.455
1125,2493.846
1126,5762.925
1127,389.6
1128,540.45
1129,1786.79
1130,122.7
1131,117.24
1132,1281.53
1133,2897.793
1134,15443.568000000001
1135,1191.13
1136,2407.032
1137,787.6
1138,506.8
1139,243.56
1140,349.55
1141,605.63
1142,416.90000000000003
1143,1883.8100000000002
1144,632.97
1145,821.1
1146,564.62
1147,2333.7630000000004
1148,311.16
1149,155.93
1150,388.52
1151,740.95
1152,2580.48
1153,332.64
1154,2132.5950000000003
1155,2322.819
1156,626.45
1157,272.04
1158,1212.8400000000001
1159,384.81
1160,172.25
1161,351.13
1162,1838.8500000000001
1163,678.25
1164,223.85000000000002
1165,348.99
1166,464.57
1167,842.65
1168,337.34
1169,1237.53
1170,307.4
1171,608.7900000000001
1172,922.1
1173,376.58
1174,158.85
1175,71.66
1176,568.55
1177,839.14
1178,4601.664
1179,561.5699999999999
1180,90.6
1181,102.0
1182,2184.588
1183,745.06
1184,674.45
1185,2925.9639
1186,3164.112
1187,439.92
1188,322.96
1189,1026.42
1190,598.2
1191,230.22
1192,169.55
1193,664.54
1194,80.7
1195,8148.546
1196,2482.434
1197,190.25
1198,264.7
1199,413.59000000000003
1200,2273.652
1201,357.98
1202,196.79000000000002
1203,869.87
1204,200.14
1205,1871.81
1206,2343.087
1207,920.51
1208,6354.117
1209,320.46
1210,3733.164
1211,1266.08
1212,311.3
1213,855.97
1214,76.8
1215,3119.724
1216,2081.826
1217,1393.69
1218,3511.629
1219,635.66
1220,2043.0800000000002
1221,529.73
1222,4124.376
1223,2587.248
1224,962.19
1225,695.61
1226,328.8
1227,473.02
1228,505.18
1229,917.34
1230,3907.089
1231,1421.61
1232,642.8
1233,631.9
1234,440.0
1235,584.07
1236,327.7
1237,104.82
1238,467.66
1239,2124.081
1240,15558.174
1241,2678.0310000000004
1242,651.8199999999999
1243,1428.02
1244,626.65
1245,147.20000000000002
1246,1560.38
1247,152.2
1248,3253.4280000000003
1249,141.41
1250,652.82
1251,1659.75
1252,154.99
1253,1308.6100000000001
1254,409.93
1255,5113.548000000001
1256,746.36
1257,14049.351
1258,225.36
1259,260.25
1260,92.46
1261,725.6400000000001
1262,7393.1849999999995
1263,5596.164
1264,183.6
1265,5526.378000000001
1266,9418.365
1267,1353.74
1268,152.55
1269,374.7
1270,265.85
1271,1438.82
1272,151.04
1273,942.26
1274,122.47
1275,499.41999999999996
1276,1049.37
1277,375.1
1278,45.599999999999994
1279,934.52
1280,182.25
1281,1018.43
1282,4003.686
1283,194.42
1284,45442.629
1285,161.0
1286,76.32000000000001
1287,3669.219
1288,442.85
1289,58648.311
1290,147.35
1291,2793.753
1292,194.9
1293,5379.111
1294,1360.28
1295,216.20999999999998
1296,1266.23
1297,2432.907
1298,597.91
1299,144.2
1300,5114.835
1301,692.85
1302,2623.635
1303,1840.42
1304,386.53
1305,1382.74
1306,90.0
1307,2502.135
1308,419.58000000000004
1309,2466.3869999999997
1310,706.1300000000001
1311,709.71
1312,637.5
1313,1123.8600000000001
1314,483.86
1315,3227.4269999999997
1316,605.64
1317,4221.279
1318,982.3800000000001
1319,415.82
1320,935.05
1321,915.13
1322,311.81
1323,115.8
1324,3367.98
1325,3771.9
1326,483.4
1327,157.2
1328,446.62
1329,658.64
1330,621.29
1331,1345.62
1332,118.75
1333,105641.667
1334,432.88
1335,507.66
1336,4223.709000000001
1337,1110.52
1338,289.36
1339,2201.319
1340,1631.77
1341,122.53999999999999
1342,574.84
1343,363.79
1344,450.84
1345,134.46
1346,2900.07
1347,576.9000000000001
1348,559.41
1349,1620.93
1350,719.78
1351,4273.668000000001
1352,452.89
1353,197.65
1354,2054.36
1355,4188.6720000000005
1356,4216.284000000001
1357,853.39
1358,10214.568000000001
1359,1012.0
1360,335.52
1361,701.4
1362,185.39999999999998
1363,747.44
1364,161.03
1365,466.7
1366,328.15999999999997
1367,151.74
1368,1866.087
1369,1905.8400000000001
1370,2016.99
1371,1070.48
1372,1004.38
1373,1789.72
1374,1839.3
1375,2004.98
1376,169.48000000000002
1377,89.94
1378,632.4
1379,3089.5200000000004
1380,683.17
1381,991.13
1382,1050.12
1383,2008.971
1384,3015.864
1385,1547.2
1386,925.71
1387,2048.07
1388,1462.72
1389,775.46
1390,2830.3740000000003
1391,490.86
1392,161.0
1393,146.85
1394,2142.765
1395,890.34
1396,213.70000000000002
1397,280.55
1398,2329.893
1399,1693.45
1400,1474.06
1401,136.76999999999998
1402,302.58
1403,1904.05
1404,2591.7300000000005
1405,969.0600000000001
1406,2789.7480000000005
1407,11402.982
1408,120.0
1409,1163.45
1410,2356.407
1411,333.97
1412,530.18
1413,1516.24
1414,492.65000000000003
1415,112.32
1416,437.96
1417,559.97
1418,1119.74
1419,3794.58
1420,134.04
1421,3356.4060000000004
1422,595.25
1423,1910.01
1424,4165.875
1425,176.63
1426,426.6
1427,911.26
1428,2083.185
1429,3494.925
1430,4384.737
1431,1046.56
1432,166.20000000000002
1433,1305.33
1434,46374.57000000001
1435,3569.058
1436,43.2
1437,640.14
1438,383.45
1439,1858.96
1440,1883.9880000000003
1441,2696.1479999999997
1442,2117.277
1443,310.26
1444,1611.59
1445,120.0
1446,2233.0170000000003
1447,508.58000000000004
1448,477.79
1449,1530.75
1450,605.0600000000001
1451,183.85
1452,311.65
1453,4513.356000000001
1454,462.65999999999997
1455,866.31
1456,415.2
1457,2296.989
1458,468.26
1459,1614.91
1460,588.22
1461,309.52
1462,134.7
1463,1964.0520000000001
1464,668.5600000000001
1465,889.9300000000001
1466,108.97999999999999
1467,1021.58
1468,409.57
1469,133.5
1470,282.93
1471,51.0
1472,1078.96
1473,90.6
1474,163.62
1475,174.4
1476,701.23
1477,225.77
1478,912.18
1479,1915.4070000000002
1480,161.2
1481,3345.615
1482,8335.368
1483,155.0
1484,100.5
1485,76.55
1486,257.68
1487,617.05
1488,348.1
1489,202.68
1490,626.0699999999999
1491,1247.69
1492,202.11
1493,142.4
1494,1770.56
1495,2891.556
1496,1043.46
1497,4187.538
1498,67.95
1499,3156.9390000000003
1500,487.99
1501,2351.664
1502,574.7
1503,3646.332
1504,1475.81
1505,1474.32
1506,156.75
1507,1941.957
1508,2345.8770000000004
1509,1853.5050000000003
1510,1105.07
1511,1063.0
1512,770.03
1513,122.7
1514,1496.98
1515,5310.2519999999995
1516,490.22
1517,1937.25
1518,1058.06
1519,387.52
1520,813.11
1521,3837.2760000000003
1522,265.2
1523,322.08
1524,4033.503
1525,363.34000000000003
1526,1244.83
1527,470.36
1528,2029.9590000000003
1529,1372.8
1530,89.06
1531,63.0
1532,131.9
1533,2395.116
1534,2121.9120000000003
1535,1712.89
1536,1589.82
1537,1420.2
1538,1039.58
1539,1163.23
1540,375.35
1541,907.1
1542,483.25
1543,662.59
1544,264.44
1545,119.93
1546,2756.1600000000003
1547,113.64
1548,1837.92
1549,434.34
1550,1892.754
1551,2004.02
1552,529.62
1553,1058.6200000000001
1554,2045.16
1555,598.76
1556,461.19
1557,1936.84
1558,234.34000000000003
1559,547.66
1560,925.85
1561,215.7
1562,1309.6
1563,316.25
1564,279.05
1565,636.51
1566,1861.335
1567,137.1
1568,321.92
1569,165.75
1570,1196.33
1571,1064.28
1572,463.38
1573,340.93
1574,2144.916
1575,139.56
1576,123.8
1577,538.8100000000001
1578,475.37
1579,1957.32
1580,815.32
1581,356.85
1582,251.21
1583,2223.603
1584,3188.934
1585,673.26
1586,5315.076
1587,2012.17
1588,1383.18
1589,276.42
1590,1314.81
1591,275.28
1592,455.59000000000003
1593,1055.35
1594,1891.881
1595,330.45
1596,174.37
1597,270.6
1598,974.54
1599,241.09
1600,1867.68
1601,3898.98
1602,7657.938
1603,364.21999999999997
1604,620.04
1605,2633.319
1606,932.85
1607,1949.72
1608,4002.3450000000003
1609,2577.771
1610,171.8
1611,355.56
1612,388.25
1613,537.48
1614,996.26
1615,1461.65
1616,103.25
1617,3267.297
1618,2024.45
1619,2320.2810000000004
1620,3606.786
1621,652.8
1622,289.24
1623,765.62
1624,186.23
1625,165.07
1626,859.27
1627,2142.936
1628,324.14
1629,788.38
1630,2013.993
1631,1080.76
1632,4567.293000000001
1633,2789.208
1634,1432.0
1635,1530.3600000000001
1636,227.39
1637,218.06
1638,2549.556
1639,1653.42
1640,35.400000000000006
1641,859.71
1642,168.63
1643,138.6
1644,114.11
1645,1052.55
1646,1042.26
1647,157.05
1648,237.36
1649,1601.14
1650,39.75
1651,1447.14
1652,570.46
1653,617.99
1654,379.83
1655,1740.6
1656,883.15
1657,221.97
1658,393.33000000000004
1659,213.96
1660,660.0
1661,10940.985
1662,14912.550000000001
1663,1785.15
1664,601.56
1665,406.08000000000004
1666,553.44
1667,394.44
1668,412.78000000000003
1669,1788.3600000000001
1670,320.58000000000004
1671,889.25
1672,225.85
1673,899.63
1674,2512.143
1675,671.96
1676,959.01
1677,1006.98
1678,114.56
1679,344.90000000000003
1680,609.85
1681,443.6
1682,2686.0409999999997
1683,1912.572
1684,110.46
1685,96.12
1686,693.8100000000001
1687,830.76
1688,597.09
1689,252185.41800000003
1690,243.22
1691,1417.29
1692,654.6
1693,114.18
1694,1947.55
1695,1932.23
1696,291.05
1697,848.22
1698,247.15
1699,2276.937
1700,285.74
1701,107.95
1702,771.17
1703,637.89
1704,1835.7
1705,195.25
1706,8317.080000000002
1707,1269.99
1708,411.53
1709,765.55
1710,1736.4
1711,604.75
1712,2293.416
1713,25878.699
1714,498.95
1715,52.0
1716,1236.28
1717,628.38
1718,5067.783
1719,112.8
1720,371.7
1721,1902.897
1722,591.55
1723,172.9
1724,1871.0549999999998
1725,188.60999999999999
1726,1250.76
1727,109.13000000000001
1728,2011.7700000000002
1729,2294.433
1730,2962.926
1731,318.17
1732,1546.91
1733,179.0
1734,1126.37
1735,4428.936
1736,606.13
1737,2581.92
1738,917.07
1739,2399.724
1740,160.19
1741,867.38
1742,329.68
1743,1602.13
1744,663.81
1745,187.92000000000002
1746,1158.3
1747,718.08
1748,268.58
1749,313.49
1750,2005.06
1751,380.02
1752,2432.2410000000004
1753,8627.319
1754,5459.121
1755,1164.55
1756,1314.45
1757,3512.052
1758,1448.21
1759,1400.34
1760,1099.98
1761,1220.26
1762,328.2
1763,1415.75
1764,389.64
1765,563.15
1766,638.05
1767,4509.2519999999995
1768,738.96
1769,420.5
1770,1484.06
1771,1625.97
1772,89.2
1773,255.9
1774,300.52
1775,278.3
1776,254.11
1777,2226.033
1778,192.60000000000002
1779,9607.275
1780,876.42
1781,139.26
1782,1011.9
1783,2284.4700000000003
1784,730.86
1785,386.15
1786,447.68
1787,200.10000000000002
1788,289.99
1789,77.4
1790,679.4399999999999
1791,197.64
1792,745.06
1793,6.2
1794,228.99
1795,1319.91
1796,131.45000000000002
1797,7220.241
1798,173.74
1799,157.7
1800,3905.766
1801,193.14
1802,845.55
1803,353.27
1804,554.65
1805,193.39000000000001
1806,2467.0530000000003
1807,1879.092
1808,155.43
1809,778.5
1810,271.85
1811,1110.34
1812,657.8
1813,272.07
1814,507.29
1815,48.800000000000004
1816,321.43
1817,1127.71
1818,2004.2189999999998
1819,1925.7840000000003
1820,697.55
1821,197.13
1822,1720.3
1823,102.44999999999999
1824,1649.5
1825,62.85
1826,2966.184
1827,2542.221
1828,2870.829
1829,309.4
1830,7137.486
1831,325.75
1832,511.35
1833,2553.021
1834,475.8
1835,2483.847
1836,645.65
1837,1311.3799999999999
1838,1173.12
1839,1353.74
1840,170.32
1841,125.79
1842,841.1999999999999
1843,266.76
1844,52.2
1845,12950.91
1846,710.28
1847,2658.231
1848,725.7
1849,327.25
1850,522.38
1851,519.68
1852,1465.3200000000002
1853,1485.54
1854,706.19
1855,255.4
1856,589.7
1857,761.59
1858,765.3199999999999
1859,364.8
1860,1862.0
1861,369.2
1862,135.9
1863,125.65
1864,554.38
1865,1237.8500000000001
1866,655.75
1867,10024.839000000002
1868,468.77000000000004
1869,1366.38
1870,1303.52
1871,1421.29
1872,332.66
1873,2529.567
1874,1025.44
1875,616.15
1876,3150.99
1877,277.8
1878,434.35
1879,129442.554
1880,867.85
1881,1227.43
1882,307.48
1883,1268.98
1884,1610.15
1885,977.77
1886,1316.07
1887,749.1
1888,310.05
1889,223.88
1890,2135.574
1891,1257.68
1892,363.53
1893,1890.94
1894,1784.71
1895,7323.318
1896,1621.88
1897,5310.225
1898,100.9
1899,290.82
1900,1101.97
1901,371.2
1902,311.69
1903,7289.541
1904,289.82
1905,336.17
1906,58.49
1907,499.68
1908,695.42
1909,221.27
1910,6340.212
1911,126.7
1912,1487.8
1913,206.21
1914,599.0
1915,191.32
1916,463.8
1917,147.59
1918,1592.06
1919,1116.57
1920,114.77
1921,1314.45
1922,114.39
1923,279.94
1924,790.86
1925,1931.42
1926,102.12
1927,213.27
1928,296.75
1929,326.4
1930,334.54
1931,233.23000000000002
1932,546.1999999999999
1933,429.87
1934,490.52
1935,1641.76
1936,1246.32
1937,5684.913
1938,502.09
1939,156.91
1940,1261.78
1941,308.94
1942,423.04
1943,260.17
1944,170.04
1945,125.58
1946,496.21000000000004
1947,266.0
1948,1914.82
1949,905.04
1950,6122.484
1951,1661.33
1952,377.01
1953,469.0
1954,1066.1499999999999
1955,627.13
1956,518.28
1957,668.14
1958,4463.1900000000005
1959,2328.003
1960,3877.749
1961,252.73000000000002
1962,465.55
1963,705.49
1964,17922.996
1965,180.35
1966,135.93
1967,537.0
1968,6930.207
1969,735.66
1970,4692.393
1971,343.62
1972,384.05
1973,121.17000000000002
1974,1782.09
1975,1391.61
1976,215.78
1977,697.79
1978,302.1
1979,1489.5
1980,1912.4910000000002
1981,1337.72
1982,303.09
1983,49080.726
1984,987.86
1985,370.79999999999995
1986,2842.317
1987,893.59
1988,1744.76
1989,553.36
1990,1109.53
1991,106.2
1992,982.07
1993,1043.41
1994,748.87
1995,773.03
1996,880.85
1997,8768.799
1998,895.61
1999,504.8
2000,88.2
2001,306.94
2002,1160.07
2003,2178.7560000000003
2004,381.32
2005,480.71
2006,457.81
2007,4137.318
2008,1370.6
2009,219.39000000000001
2010,248.08
2011,35924.85
2012,410.48
2013,876.0
2014,317.53
2015,703.36
2016,1027.44
2017,2069.037
2018,1422.52
2019,319.5
2020,1300.25
2021,484.95
2022,996.1
2023,1567.48
2024,3248.397
2025,2484.504
2026,340.11
2027,1352.75
2028,1551.78
2029,244.8
2030,266.4
2031,358.82
2032,457.72
2033,1633.78
2034,1979.379
2035,184.19
2036,10375.632
2037,406.53
2038,1471.0
2039,3102.6600000000003
2040,330.11
2041,977.9300000000001
2042,982.42
2043,1387.99
2044,139.05
2045,1286.7
2046,178.96
2047,2118.8250000000003
2048,498.74
2049,259.45
2050,5922.396
2051,1194.73
2052,1327.16
2053,623.5
2054,301.29
2055,520.8000000000001
2056,4783.023
2057,4271.121
2058,329.25
2059,296.42
2060,961.49
2061,1936.07
2062,401.40000000000003
2063,16776.909000000003
2064,158.16
2065,304.47
2066,843.05
2067,487.75
2068,163.0
2069,106.56
2070,1289.5
2071,1624.05
2072,135.75
2073,224.14
2074,40.5
2075,1986.2549999999999
2076,87.5
2077,689.4799999999999
2078,622.85
2079,406.76
2080,310.62
2081,411.41
2082,4299.462
2083,14602.851
2084,1044.32
2085,499.32
2086,6854.8769999999995
2087,3474.9
2088,1079.6100000000001
2089,193.64
2090,1268.7
2091,1236.54
2092,1827.8
2093,316.58
2094,653.24
2095,420.29999999999995
2096,870.12
2097,331.18
2098,894.4100000000001
2099,101.8
2100,328.35
2101,1661.44
2102,734.94
2103,96.6
2104,5181.201
2105,305.75
2106,1778.96
2107,403.25
2108,585.0
2109,755.75
2110,322.08
2111,409.40000000000003
2112,154.41
2113,1219.4
2114,3048.039
2115,429.6
2116,612.06
2117,197.0
2118,2022.7590000000002
2119,321.05
2120,1412.32
2121,1071.99
2122,780.59
2123,1706.57
2124,1756.44
2125,316.68
2126,631.57
2127,2264.2560000000003
2128,514.15
2129,356.0
2130,6019.6140000000005
2131,9436.491
2132,740.78
2133,918.1999999999999
2134,300.36
2135,890.85
2136,98.45
2137,317.15
2138,623.16
2139,1810.77
2140,254.82
2141,178.95000000000002
2142,156.51
2143,393.74
2144,1506.1200000000001
2145,119.3
2146,1717.36
2147,408.8
2148,2141.5409999999997
2149,2256.3630000000003
2150,721.94
2151,716.57
2152,615.14
2153,135.31
2154,255.89999999999998
2155,290.51
2156,113.12
2157,2098.935
2158,240.55
2159,486.69
2160,2075.868
2161,939.78
2162,7148.898
2163,4201.47
2164,180.94
2165,3305.574
2166,641.94
2167,4319.91
2168,4056.309
2169,496.44
2170,4563.3150000000005
2171,574.02
2172,694.4000000000001
2173,1174.35
2174,205.3
2175,310.47
2176,54691.11
2177,924.85
2178,52.0
2179,327.97
2180,570.5
2181,165.0
2182,312.62
2183,204.5
2184,267.13
2185,2473.479
2186,679.68
2187,162.29
2188,311.71
2189,208.75
2190,1049.7
2191,714.96
2192,1661.06
2193,1028.56
2194,351.67
2195,173.97
2196,574.07
2197,2020.52
2198,406.09
2199,364.5
2200,563.94
2201,393.54
2202,252.42000000000002
2203,201.60000000000002
2204,158.04
2205,473.81
2206,115.65
2207,1960.1100000000001
2208,777.02
2209,277.05
2210,2489.85
2211,7512.4800000000005
2212,427.93
2213,418.92
2214,326.0
2215,913.19
2216,2082.8880000000004
2217,602.51
2218,1877.59
2219,446.94000000000005
2220,2147.445
2221,2007.3999999999999
2222,2174.319
2223,168.0
2224,1233.3600000000001
2225,3332.9610000000002
2226,1690.2600000000002
2227,596.85
2228,5360.139
2229,642.41
2230,316.88
2231,394.14
2232,140.54
2233,500.0
2234,1535.53
2235,231.86
2236,1965.186
2237,107.45
2238,288.18
2239,94.0
2240,1345.53
2241,815.77
2242,716.2
2243,626.77
2244,349.1
2245,510.71000000000004
2246,1056.44
2247,267.18
2248,3105.7560000000003
2249,1358.88
2250,190.53
2251,774.9000000000001
2252,572.8100000000001
2253,3585.8880000000004
2254,508.8
2255,135.86
2256,950.36
2257,97.7
2258,43.5
2259,383.34
2260,1447.39
2261,1483.14
2262,93.78
2263,397.35
2264,171.19
2265,533.3
2266,1041.48
2267,149.29
2268,1122.53
2269,200.16
2270,156.57999999999998
2271,383.68
2272,594.0
2273,2913.219
2274,1418.26
2275,113.5
2276,155.17
2277,494.64
2278,974.52
2279,429.84
2280,538.73
2281,1388.37
2282,179.1
2283,447.22
2284,237.07
2285,161.64
2286,216.76
2287,234.6
2288,126.14
2289,1048.85
2290,6619.158
2291,334.53
2292,524.88
2293,467.51
2294,538.55
2295,469.48
2296,371.56
2297,1771.2
2298,454.10999999999996
2299,1441.42
2300,905.5
2301,9949.464
2302,233.81
2303,3234.879
2304,2317.5
2305,91.32000000000001
2306,1134.28
2307,2790.081
2308,659.4599999999999
2309,2001.8
2310,1299.23
2311,1262.2
2312,11984.76
2313,1131.56
2314,9346.437
2315,147.09
2316,52.83
2317,3249.864
2318,979.26
2319,492.36
2320,1000.27
2321,250.0
2322,909.23
2323,121.0
2324,13282.398000000001
2325,3725.514
2326,62.43
2327,267.03
2328,1942.45
2329,343.5
2330,2700.18
2331,398.84
2332,412.01000000000005
2333,440.0
2334,825.92
2335,148.44
2336,2186.802
2337,229.33
2338,3595.707
2339,1502.35
2340,2007.44
2341,1580.93
2342,807.57
2343,536.4
2344,110.92
2345,538.46
2346,213.3
2347,85.13000000000001
2348,127.86
2349,3192.039
2350,292.71999999999997
2351,4459.356000000001
2352,1693.26
2353,575.63
2354,436.06
2355,90.12
2356,437.23
2357,217.2
2358,4324.653
2359,279.77
2360,473.65000000000003
2361,800.59
2362,134.55
2363,1400.44
2364,173.16
2365,186.01
2366,758.29
2367,1375.71
2368,3748.9680000000003
2369,650.4300000000001
2370,2297.574
2371,607.45
2372,702.25
2373,940.6700000000001
2374,258.88
2375,127.1
2376,348.6
2377,3311.9730000000004
2378,682.9100000000001
2379,725.11
2380,455.3
2381,913.6800000000001
2382,478.53000000000003
2383,388.58
2384,199.8
2385,1771.78
2386,1406.59
2387,324.57
2388,240.68
2389,761.74
2390,6098.904
2391,1297.8700000000001
2392,48.480000000000004
2393,216.39
2394,1198.23
2395,2628.144
2396,104.76
2397,1093.68
2398,298.48
2399,112.46000000000001
2400,1591.45
2401,195.15
2402,9359.766
2403,776.851
2404,336.40000000000003
2405,1553.18
2406,1293.03
2407,3338.604
2408,301.03
2409,588.13
2410,1534.26
2411,675.8
2412,2583.2160000000003
2413,1186.35
2414,2956.779
2415,243.55
2416,724.76
2417,223.36
2418,425.32
2419,11264.094000000001
2420,1887.2
2421,664.0
2422,813.0
2423,612.01
2424,447.64000000000004
2425,657.35
2426,816.0
2427,646.3
2428,337.74
2429,877.4399999999999
2430,922.53
2431,560.67
2432,748.5
2433,30.0
2434,1024.1000000000001
2435,306.45
2436,1600.86
2437,309.8
2438,138.14
2439,386.43
2440,2017.8090000000002
2441,301.32
2442,76.32000000000001
2443,684.34
2444,173.05
2445,2391.4170000000004
2446,2592.918
2447,2201.94
2448,323.69
2449,3092.184
2450,657.23
2451,352.7
2452,781.28
2453,1333.68
2454,1426.16
2455,193.75
2456,2693.79
2457,254.1
2458,239.76
2459,136.8
2460,191.04
2461,5831.46
2462,409.98
2463,2462.8140000000003
2464,309.65
2465,696.68
2466,1542.14
2467,211.5
2468,2064.258
2469,143.1
2470,1060.56
2471,945.58
2472,3027.8160000000003
2473,133.25
2474,1072.3600000000001
2475,356.7
2476,330.88
2477,1118.81
2478,150.3
2479,4541.049
2480,598.73
2481,507.08
2482,2000.304
2483,203.1
2484,218.25
2485,415.25
2486,4661.064
2487,85.0
2488,1120.88
2489,294.12
2490,162.3
2491,1339.45
2492,1205.1200000000001
2493,4331.178
2494,449.12
2495,154.88
2496,784.46
2497,34.8
2498,1094.59
2499,196.88
2500,974.04
2501,149.31
2502,40080.87
2503,2218.9320000000002
2504,2373.6420000000003
2505,79.2
2506,458.57
2507,2127.8250000000003
2508,532.96
2509,714.42
2510,205.25
2511,253.04
2512,583.75
2513,1086.92
2514,2951.973
2515,315.06
2516,621.8299999999999
2517,50627.448000000004
2518,635.6800000000001
2519,270.8
2520,104.9
2521,241.62
2522,1047.11
2523,475.28000000000003
2524,345.46
2525,2353.266
2526,246.3
2527,2096.0730000000003
2528,4438.98
2529,948.05
2530,351.3
2531,220.85
2532,1612.69
2533,965.61
2534,610.01
2535,2440.404
2536,1986.66
2537,884.14
2538,699.08
2539,1063.95
2540,451.42
2541,415.82000000000005
2542,3785.751
2543,4975.6320000000005
2544,784.58
2545,903.9
2546,3361.4730000000004
2547,515.77
2548,1391.98
2549,1996.758
2550,1801.14
2551,1303.9099999999999
2552,1945.33
2553,1890.54
2554,1905.45
2555,206.98
2556,570.96
2557,885.47
2558,15.0
2559,532.94
2560,1654.31
2561,1836.0900000000001
2562,636.14
2563,576.0
2564,801.76
2565,836.79
2566,2010.375
2567,954.09
2568,137.37
2569,391.98
2570,30278.772
2571,1048.49
2572,355.56
2573,1224.06
2574,118.95000000000002
2575,130.73999999999998
2576,3340.593
2577,389.27
2578,238.85
2579,160.71
2580,110.8
2581,2677.185
2582,712.24
2583,14748.813
2584,297.0
2585,1438.85
2586,977.21
2587,2848.824
2588,832.88
2589,68.84
2590,1936.3200000000002
2591,895.13
2592,230.53
2593,3431.3759999999997
2594,149.64
2595,354.09000000000003
2596,360.93
2597,3965.2920000000004
2598,493.28
2599,343.28000000000003
2600,501.39000000000004
2601,516.36
2602,396.48
2603,379.35
2604,181.09
2605,168.31
2606,446.87
2607,524.52
2608,263.55
2609,179.17
2610,222.05
2611,1388.88
2612,56.25
2613,351.11
2614,363.88
2615,4614.084000000001
2616,164.68
2617,1567.69
2618,967.45
2619,191.94
2620,1232.18
2621,264.62
2622,1528.09
2623,123.1
2624,334.23
2625,639.89
2626,167.5
2627,336.03000000000003
2628,369.5
2629,127.08
2630,207.15
2631,426.63
2632,2246.283
2633,1107.46
2634,416.86
2635,145.35
2636,404.58
2637,5503.509
2638,35.8
2639,337.44
2640,325.1
2641,181.0
2642,1708.24
2643,955.24
2644,364.72
2645,1765.51
2646,708.22
2647,806.57
2648,1659.3799999999999
2649,3974.6340000000005
2650,428.89
2651,104.35
2652,470.76
2653,845.64
2654,418.83
2655,666.1
2656,314.1
2657,3779.8650000000002
2658,307.82000000000005
2659,3097.935
2660,371.01
2661,430.94
2662,1054.73
2663,1098.78
2664,2158.974
2665,3067.632
2666,1475.02
2667,2553.9030000000002
2668,1142.42
2669,168.12
2670,1451.28
2671,158.03
2672,792.11
2673,41.989999999999995
2674,2517.813
2675,427.07
2676,1060.68
2677,2780.973
2678,11154.330000000002
2679,2461.833
2680,615.39
2681,101.4
2682,1701.94
2683,478.78
2684,992.71
2685,407.5
2686,3026.4390000000003
2687,1415.29
2688,33417.54
2689,662.38
2690,705.39
2691,1508.76
2692,211.88
2693,408.90000000000003
2694,3407.6160000000004
2695,851.01
2696,628.28
2697,719.81
2698,251.24
2699,439.65999999999997
2700,236.09
2701,934.62
2702,72922.356
2703,331.24
2704,548.94
2705,7934.76
2706,437.7
2707,758.92
2708,855.02
2709,471.78000000000003
2710,1313.55
2711,2849.76
2712,1197.27
2713,773.99
2714,1340.7
2715,256.44
2716,1111.79
2717,137.9
2718,362.06
2719,1511.95
2720,783.9
2721,134.8
2722,664.85
2723,2036.808
2724,1459.8600000000001
2725,1153.62
2726,335.32
2727,372.09
2728,1521.87
2729,852.15
2730,326.24
2731,584.3199999999999
2732,122.39999999999999
2733,2011.257
2734,79.2
2735,1352.0
2736,217.16
2737,2526.21
2738,1317.62
2739,436.18
2740,981.51
2741,1121.39
2742,315.06
2743,817.86
2744,17.0
2745,1078.23
2746,320.62
2747,185.04999999999998
2748,2005.63
2749,731.9
2750,1290.7
2751,1842.14
2752,1429.64
2753,302.36
2754,336.96
2755,108.38
2756,2883.744
2757,842.5
2758,611.88
2759,1337.48
2760,195.73999999999998
2761,161.38
2762,135.75000000000003
2763,1667.97
2764,612.78
2765,232.21
2766,423.36
2767,1309.14
2768,867.11
2769,684.4200000000001
2770,307.78
2771,249.0
2772,289.35
2773,5658.993
2774,656.25
2775,1880.22
2776,3155.886
2777,13130.136
2778,618.09
2779,517.55
2780,709.38
2781,635.41
2782,725.18
2783,620.4
2784,535.34
2785,2182.446
2786,175.2
2787,3419.541
2788,734.13
2789,375.0
2790,76.32000000000001
2791,280.52
2792,2053.02
2793,1829.04
2794,1824.23
2795,2809.8360000000002
2796,656.69
2797,348.2
2798,1025.44
2799,5018.004000000001
2800,37.4
2801,856.6
2802,822.48
2803,3408.84
2804,1822.97
2805,1885.05
2806,73.2
2807,1140.21
2808,1418.32
2809,1009.5500000000001
2810,1037.59
2811,331.95
2812,197.9
2813,215.83
2814,9228.762
2815,305.54
2816,5955.885
2817,338.71000000000004
2818,1158.79
2819,529.41
2820,3606.246
2821,6220.296
2822,981.86
2823,215.48
2824,215.08
2825,4662.468000000001
2826,314.45
2827,400.68100000000004
2828,1080.6200000000001
2829,1863.47
2830,365.27
2831,592.9
2832,405.71
2833,761.38
2834,537.0600000000001
2835,394.38
2836,664.26
2837,2036.358
2838,18977.67
2839,547.02
2840,690.34
2841,159.0
2842,1062.75
2843,242.35
2844,914.9300000000001
2845,304.25
2846,2776.212
2847,864.86
2848,846.72
2849,1295.3
2850,1096.32
2851,255.12
2852,314.22
2853,1010.6
2854,542.03
2855,990.88
2856,536.6800000000001
2857,867.31
2858,432.2
2859,414.2
2860,3346.92
2861,2347.083
2862,3242.889
2863,409.1
2864,1522.75
2865,1413.66
2866,114.56
2867,152.94
2868,1800.07
2869,389.44
2870,3315.474
2871,2357.919
2872,752.4300000000001
2873,46.95
2874,4683.159000000001
2875,1035.45
2876,746.83
2877,4902.3
2878,861.89
2879,667.65
2880,1141.24
2881,1429.24
2882,411.7
2883,357.95
2884,559.87
2885,810.6000000000001
2886,566.38
2887,1509.58
2888,1855.854
2889,168.3
2890,1570.81
2891,823.97
2892,142.5
2893,302.25
2894,2024.0910000000003
2895,1328.55
2896,301.9
2897,598.2
2898,233.22
2899,4824.567
2900,361.21999999999997
2901,632.27
2902,2304.0
2903,706.57
2904,616.26
2905,274.15000000000003
2906,226.37
2907,2645.019
2908,1341.65
2909,328.15
2910,404.40000000000003
2911,1038.46
2912,373.65000000000003
2913,326.75
2914,207.50000000000003
2915,428.68
2916,594.24
2917,2799.864
2918,3459.798
2919,251.91
2920,1593.2
2921,23964.12
2922,151.05
2923,214.79999999999998
2924,109.95
2925,549.07
2926,1971.87
2927,322.41
2928,370.47999999999996
2929,101.10000000000001
2930,575.41
2931,887.65
2932,1469.45
2933,53.5
2934,1116.47
2935,153.9
2936,494.44
2937,6008.139
2938,395.8
2939,211.77
2940,658.88
2941,2027.5
2942,1750.92
2943,3161.277
2944,896.66
2945,734.77
2946,109.36000000000001
2947,707.04
2948,1540.42
2949,327.3
2950,804.49
2951,497.43
2952,1553.66
2953,1320.56
2954,367.93
2955,473.03000000000003
2956,987.01
2957,676.2
2958,362.95
2959,1941.66
2960,1780.59
2961,668.36
2962,584.5
2963,555.89
2964,317.2
2965,94.36
2966,1382.07
2967,221.19
2968,2741.589
2969,1555.34
2970,1486.9
2971,1705.8
2972,408.57
2973,303.93
2974,3688.488
2975,299.6
2976,177.5
2977,443.05
2978,167.25
2979,163.07
2980,1914.2369999999999
2981,2028.88
2982,214.65
2983,151.83
2984,262.2
2985,126.25
2986,210.35
2987,1051.4
2988,675.27
2989,972.23
2990,31215.960000000003
2991,346.12
2992,133.56
2993,302.7
2994,1908.25
2995,241.06
2996,284.55
2997,300.85
2998,642.81
2999,287.4
3000,184.26
3001,1522.25
3002,798.35
3003,3276.603
3004,381.2
3005,616.79
3006,654.67
3007,230.51
3008,151625.25
3009,259.01
3010,188.89000000000001
3011,707.69
3012,311.92
3013,266.97
3014,6.9
3015,1841.18
3016,1942.533
3017,208.36
3018,3134.4660000000003
3019,814.72
3020,151.42
3021,136.0
3022,1422.4
3023,1314.68
3024,1603.46
3025,74.9
3026,650.43
3027,762.39
3028,223.95000000000002
3029,316.11
3030,1871.5
3031,544.3
3032,2245.014
3033,331.0
3034,300.83
3035,769.29
3036,220.62
3037,139.35
3038,404.3
3039,363.65
3040,498.8
3041,731.5
3042,1351.63
3043,826.53
3044,684.41
3045,1599.52
3046,2669.121
3047,100.97
3048,365.45
3049,400.86
3050,1431.93
3051,484.38
3052,777.6
3053,90.30000000000001
3054,363.7
3055,248.1
3056,950.26
3057,874.59
3058,1627.13
3059,101.69999999999999
3060,162.7
3061,484.32
3062,215.07999999999998
3063,1046.57
3064,8476.623000000001
3065,11724.705000000002
3066,290.36
3067,228.06
3068,244.41
3069,455.25
3070,1244.59
3071,6073.92
3072,1095.56
3073,593.75
3074,548.97
3075,1388.81
3076,119.62
3077,339.3
3078,787.15
3079,3739.1760000000004
3080,2069.073
3081,922.12
3082,379.73
3083,5147.838
3084,837.1
3085,285.89
3086,2982.411
3087,281.85
3088,7504.641
3089,841.41
3090,511.12
3091,1077.74
3092,173.7
3093,614.66
3094,865.6
3095,124.2
3096,3364.56
3097,1421.69
3098,1009.6
3099,663.61
3100,451.44
3101,105.84
3102,313.62
3103,233.45
3104,936.08
3105,463.95
3106,225.15
3107,459.24
3108,213.5
3109,3702.3120000000004
3110,330.03
3111,181.09
3112,360.16
3113,250.15
3114,90.04
3115,145.04999999999998
3116,813.52
3117,244.79999999999998
3118,528.08
3119,482.47
3120,3012.9390000000003
3121,4944.1140000000005
3122,75.66
3123,129.49
3124,1187.66
3125,618.59
3126,506.19
3127,500.42
3128,151.85
3129,2382.831
3130,226.21
3131,178.96
3132,813.48
3133,129.45
3134,810.5699999999999
3135,333.08
3136,3971.7900000000004
3137,322.8
3138,1969.2450000000001
3139,417.73
3140,2594.79
3141,217.9
3142,1154.47
3143,1680.72
3144,1257.51
3145,231.10000000000002
3146,688.33
3147,487.51
3148,833.78
3149,214.06
3150,290.65999999999997
3151,518.42
3152,6096.573
3153,1212.66
3154,601.27
3155,3415.068
3156,7763.219999999999
3157,933.62
3158,123.24
3159,39.12
3160,1267.6499999999999
3161,135.39999999999998
3162,118.98
3163,570.13
3164,306.71999999999997
3165,1374.8700000000001
3166,3686.31
3167,1692.27
3168,7321.446000000001
3169,319.61
3170,1592.1200000000001
3171,2798.991
3172,129.75
3173,183.7
3174,1770.34
3175,1028.0
3176,59988.204
3177,324.24
3178,2756.547
3179,1260.86
3180,422.59999999999997
3181,225.57999999999998
3182,1276.0
3183,482.01
3184,657.9000000000001
3185,112.75
3186,1998.0
3187,4568.895
3188,4858.47
3189,12631.491
3190,531.35
3191,656.63
3192,2726.883
3193,2234.736
3194,1651.03
3195,3280.8869999999997
3196,6230.817
3197,1161.53
3198,301.71999999999997
3199,901.2
3200,3472.5420000000004
3201,623.75
3202,1790.42
3203,155.24
3204,292.47
3205,4257.729
3206,589.15
3207,781.02
3208,1382.02
3209,272.82
3210,1054.67
3211,6515.928
3212,743.11
3213,603.75
3214,650.51
3215,2070.504
3216,417.59999999999997
3217,3.75
3218,323.0
3219,464.9
3220,2014.2810000000002
3221,1304.76
3222,6474.87
3223,6027.894
3224,836.06
3225,1515.9
3226,623.93
3227,1764.72
3228,207.5
3229,223.92000000000002
3230,2002.4
3231,1496.83
3232,239.4
3233,106.83000000000001
3234,369.34000000000003
3235,789.79
3236,316.62
3237,1501.38
3238,611.85
3239,2519.3250000000003
3240,34.0
3241,1145.6
3242,5022.540000000001
3243,478.09000000000003
3244,380.39
3245,770.1
3246,2022.129
3247,171.59
3248,661.52
3249,1695.66
3250,388.28
3251,226.35
3252,245.94
3253,9566.748000000001
3254,425.19
3255,311.25
3256,2051.9100000000003
3257,107.6
3258,597.48
3259,80.8
3260,1545.6200000000001
3261,1721.78
3262,110.38000000000001
3263,243.84
3264,1222.71
3265,414.88
3266,305.62
3267,1201.49
3268,1619.73
3269,332.3
3270,536.99
3271,460.59
3272,801.49
3273,1121.59
3274,288.42
3275,914.69
3276,309.54
3277,547.07
3278,479.35
3279,1692.98
3280,5858.1900000000005
3281,417.06
3282,1604.75
3283,3014.6130000000003
3284,497.61
3285,358.38
3286,460.64
3287,775.1800000000001
3288,341.7
3289,128.5
3290,197.22
3291,325.91
3292,199.15
3293,1106.53
3294,413.46
3295,180.85
3296,251.87
3297,2853.882
3298,588.85
3299,14934.914999999999
3300,1869.82
3301,1264.19
3302,9176.913
3303,214.32
3304,193.44
3305,281.42
3306,124.57
3307,332.41
3308,342.45
3309,144.91000000000003
3310,328.4
3311,35.400000000000006
3312,375.69000000000005
3313,747.81
3314,173.76
3315,502.8
3316,207.73999999999998
3317,825.42
3318,2531.106
3319,680.02
3320,6411.258
3321,1885.9770000000003
3322,853.72
3323,13.3
3324,1519.08
3325,432.0
3326,705.12
3327,276.73
3328,429.84000000000003
3329,471.51
3330,194.88
3331,1578.67
3332,809.7
3333,525.54
3334,145.93
3335,219.14
3336,289.78
3337,508.81
3338,1281.56
3339,887.11
3340,1706.88
3341,373.24
3342,3378.843
3343,2792.187
3344,579.77
3345,981.65
3346,379.14
3347,1510.06
3348,2317.842
3349,113.44
3350,208.46
3351,621.6800000000001
3352,576.26
3353,391.52
3354,1068.82
3355,2336.805
3356,169.79
3357,6522.849
3358,846.75
3359,230.25
3360,543.05
3361,2562.84
3362,1295.39
3363,380.55
3364,4143.798000000001
3365,161.94
3366,563.23
3367,950.9300000000001
3368,262.68
3369,2462.742
3370,2744.8920000000003
3371,1920.59
3372,816.73
3373,3910.9500000000003
3374,406.48
3375,435.02
3376,1286.27
3377,1178.56
3378,1277.75
3379,167.61
3380,20.8
3381,1876.572
3382,518.67
3383,308.74
3384,416.64
3385,117.35000000000001
3386,507.05
3387,234.17
3388,110.55000000000001
3389,201.19
3390,1939.473
3391,319.02
3392,439.43
3393,650.41
3394,357.21
3395,251.51999999999998
3396,344.33
3397,1852.0
3398,1078.96
3399,384.06
3400,1931.25
3401,4033.2150000000006
3402,4917.708
3403,1873.2
3404,1625.05
3405,126.12
3406,1133.25
3407,179.0
3408,1614.31
3409,1456.96
3410,702.0
3411,295.0
3412,484.82
3413,3590.6130000000003
3414,1493.73
3415,1412.94
3416,781.78
3417,889.9300000000001
3418,195.36
3419,270.9
3420,586.33
3421,1842.56
3422,7824.834000000001
3423,920.1
3424,1272.61
3425,71.0
3426,95.85
3427,357.77
3428,154.82999999999998
3429,890.29
3430,716.0
3431,146.87
3432,380.35
3433,1030.14
3434,745.52
3435,433.53000000000003
3436,1267.32
3437,112.4
3438,449.73
3439,1081.57
3440,1044.3799999999999
3441,1735.18
3442,948.48
3443,339.44
3444,642.02
3445,1100.9
3446,925.35
3447,5093.982000000001
3448,2905.956
3449,247.14000000000001
3450,413.75
3451,498.48
3452,1356.33
3453,1179.89
3454,2785.536
3455,234.24
3456,4709.0070000000005
3457,538.37
3458,1461.14
3459,859.35
3460,4096.926
3461,2438.7300000000005
3462,312.14
3463,2186.1270000000004
3464,1446.09
3465,834.12
3466,841.0799999999999
3467,378.2
3468,118.80000000000001
3469,287.62
3470,290.16
3471,2003.85
3472,1405.78
3473,2654.775
3474,1566.65
3475,2050.08
3476,1991.01
3477,2043.95
3478,3444.9840000000004
3479,1777.78
3480,302.0
3481,1324.16
3482,1022.13
3483,954.42
3484,971.74
3485,1621.73
3486,25.5
3487,665.78
3488,9733.887
3489,885.04
3490,163.29999999999998
3491,248.61
3492,808.62
3493,837.5
3494,116.19999999999999
3495,157.02
3496,606.91
3497,307.46
3498,138.32
3499,345.29999999999995
3500,298.89
3501,259.35
3502,1004.75
3503,157.09
3504,2216.853
3505,4403.0160000000005
3506,425.0
3507,1139.73
3508,380.5
3509,9601.623
3510,465.32
3511,579.0
3512,984.57
3513,749.78
3514,1714.59
3515,124.88
3516,1689.5
3517,213.78
3518,329.34
3519,251.70000000000002
3520,319.0
3521,1266.97
3522,1538.88
3523,3166.2270000000003
3524,1715.46
3525,293.1
3526,2220.615
3527,158.68
3528,206.34
3529,835.78
3530,224.91
3531,317.76
3532,3389.94
3533,59.9
3534,1443.69
3535,306.13
3536,711.79
3537,796.03
3538,239.92000000000002
3539,3012.579
3540,144.0
3541,203.95
3542,2226.8070000000002
3543,384.40000000000003
3544,444.74
3545,1885.6170000000002
3546,1699.3000000000002
3547,262.62
3548,1013.01
3549,692.22
3550,342.63
3551,3207.465
3552,1564.56
3553,384.08
3554,204.24
3555,2085.4980000000005
3556,226.85
3557,2503.107
3558,1069.1200000000001
3559,113.5
3560,1960.72
3561,114.23
3562,2878.425
3563,335.13
3564,354.15
3565,426.79
3566,393.49
3567,939.32
3568,1906.09
3569,318.76
3570,3274.569
3571,2856.8880000000004
3572,421.52
3573,190.88
3574,149.89000000000001
3575,550.06
3576,916.13
3577,314.69
3578,3370.185
3579,382.5
3580,1135.04
3581,7809.165000000001
3582,954.9
3583,171.45
3584,282.19
3585,318.65
3586,384.52
3587,283.28000000000003
3588,353.86
3589,178.26
3590,272.44
3591,298.41
3592,240.0
3593,603.37
3594,1253.3600000000001
3595,63.440000000000005
3596,562.9
3597,310.64
3598,317.62
3599,763.64
3600,1933.767
3601,111.97999999999999
3602,1065.3500000000001
3603,246.04
3604,187.82999999999998
3605,1703.41
3606,1652.58
3607,153.92
3608,1064.11
3609,1419.73
3610,944.41
3611,525.24
3612,550.8000000000001
3613,1875.1100000000001
3614,556.95
3615,131.78
3616,498.42
3617,669.11
3618,197.63
3619,1135.63
3620,250.04
3621,7768.179
3622,82.75
3623,1384.85
3624,644.3
3625,2095.956
3626,2275.128
3627,5663.034000000001
3628,2340.306
3629,1200.6200000000001
3630,700.86
3631,921.07
3632,990.23
3633,96.8
3634,523.11
3635,363.9
3636,175.2
3637,494.25
3638,307.02
3639,2027.8700000000001
3640,5979.537
3641,243.36
3642,11117.961000000001
3643,781.36
3644,193.64
3645,160.57
3646,537.74
3647,2408.904
3648,228.96
3649,1159.52
3650,110.75
3651,1286.07
3652,587.15
3653,1740.0
3654,1393.06
3655,178.22
3656,388.14
3657,365.85
3658,127.86
3659,585.79
3660,488.2
3661,312.23
3662,4033.0620000000004
3663,4321.404
3664,168.4
3665,1912.67
3666,446.18
3667,423.89
3668,1342.68
3669,646.92
3670,495.77
3671,400.1
3672,203.2
3673,3690.828
3674,404.66
3675,18248.049000000003
3676,65.4
3677,199.29
3678,336.4
3679,261.11
3680,2417.7780000000002
3681,784.11
3682,1259.56
3683,28650.312
3684,508.8
3685,457.91
3686,203.86999999999998
3687,6597.72
3688,696.41
3689,653.38
3690,1916.9640000000002
3691,2370.465
3692,281.62
3693,28716.138
3694,1031.41
3695,1980.3780000000002
3696,32.65
3697,771.85
3698,1214.72
3699,778.94
3700,1258.06
3701,778.0
3702,507.84
3703,6204.078
3704,463.46000000000004
3705,3803.913
3706,598.83
3707,1979.37
3708,698.41
3709,759.17
3710,4533.534000000001
3711,100.8
3712,15531.164999999999
3713,524.9200000000001
3714,265.76
3715,403.3
3716,365.76
3717,303.15999999999997
3718,2136.438
3719,216.29999999999998
3720,388.45000000000005
3721,186.42000000000002
3722,2023.704
3723,534.24
3724,2646.036
3725,120.9
3726,541.53
3727,2268.7740000000003
3728,175095.711
3729,1721.4
3730,486.71999999999997
3731,517.53
3732,131.7
3733,249.86
3734,1737.7
3735,316.5
3736,657.3
3737,622.4300000000001
3738,757.46
3739,675.69
3740,1896.41
3741,289.96000000000004
3742,763.28
3743,137.0
3744,1870.97
3745,1125.07
3746,710.29
3747,194.37
3748,511.82
3749,1255.59
3750,414.04
3751,396.87
3752,376.64
3753,1883.0880000000002
3754,3202.983
3755,374.57
3756,497.56
3757,271.05
3758,272.22
3759,622.88
3760,1138.0
3761,288.6
3762,689.1
3763,558.96
3764,2697.3269999999998
3765,1145.84
3766,302.2
3767,605.58
3768,387.31
3769,5503.626
3770,308.48
3771,81956.142
3772,2632.4910000000004
3773,513.2
3774,208.65
3775,639.02
3776,768.08
3777,153.94
3778,1844.02
3779,546.81
3780,723.2099999999999
3781,1070.71
3782,652.74
3783,145.0
3784,422.70000000000005
3785,1195.8999999999999
3786,939.37
3787,3265.65
3788,2146.5
3789,296.7
3790,223.36
3791,164.4
3792,76.5
3793,897.62
3794,98.42
3795,578.9
3796,170.75
3797,645.96
3798,103.3
3799,148.86
3800,267.16
3801,306.84
3802,930.41
3803,1487.6
3804,1952.45
3805,483.26
3806,157.9
3807,541.46
3808,854.95
3809,167.62
3810,1122.38
3811,454.01
3812,901.21
3813,3898.332
3814,344.14
3815,1498.51
3816,226.75000000000003
3817,380.6
3818,185.65
3819,3260.412
3820,143.45999999999998
3821,448.90000000000003
3822,215.72
3823,9940.536000000002
3824,175.27
3825,1242.3
3826,1133.07
3827,1240.2
3828,2163.753
3829,1479.22
3830,2003.3730000000003
3831,3534.606
3832,993.18
3833,388.79
3834,2545.1369999999997
3835,2044.3700000000001
3836,161.67000000000002
3837,116.00999999999999
3838,4592.673000000001
3839,394.72
3840,309.36
3841,193.42
3842,1112.22
3843,3585.798
3844,2048.45
3845,4103.235000000001
3846,390.07
3847,329.6
3848,571.1999999999999
3849,971.58
3850,218.52
3851,81.44
3852,1379.9
3853,527.0500000000001
3854,843.48
3855,2047.0
3856,75.75
3857,1814.12
3858,503.59999999999997
3859,528.33
3860,1324.84
3861,2125.773
3862,285.56
3863,547.0600000000001
3864,108.5
3865,621.66
3866,712.29
3867,101.55
3868,2606.076
3869,1008.39
3870,133.06
3871,1797.5
3872,868.49
3873,166.08
3874,3550.5
3875,4380.948
3876,1207.56
3877,117.55
3878,2375.0460000000003
3879,1674.69
3880,595.42
3881,2699.514
3882,196.0
3883,1802.91
3884,604.64
3885,728.16
3886,2055.51
3887,347.75
3888,3066.0480000000002
3889,205.7
3890,1572.71
3891,2860.353
3892,1629.12
3893,551.04
3894,18336.852
3895,1387.68
3896,14726.907
3897,298.11
3898,1992.1100000000001
3899,184.4
3900,2226.897
3901,239.41
3902,2872.3770000000004
3903,5165.514
3904,4282.155
3905,290.40000000000003
3906,740.9399999999999
3907,200.47
3908,283.12
3909,765.34
3910,2057.139
3911,338.95
3912,154.95
3913,2281.176
3914,417.95
3915,1824.37
3916,798.74
3917,885.19
3918,1823.52
3919,9454.041
3920,152.4
3921,267.08
3922,137.45
3923,385.1
3924,522.91
3925,153.0
3926,326.4
3927,5090.391
3928,139.35
3929,4856.436
3930,1195.94
3931,2181.636
3932,2948.7600000000007
3933,1033.0
3934,3095.172
3935,1060.25
3936,2588.409
3937,4768.6320000000005
3938,1240.11
3939,303.97
3940,692.19
3941,700.63
3942,11799.018
3943,377.44
3944,168.24
3945,1879.05
3946,2512.215
3947,355.11
3948,2090.1600000000003
3949,110.25
3950,71.4
3951,674.52
3952,1797.57
3953,80.64
3954,1772.26
3955,5044.761
3956,3111.03
3957,834.99
3958,287.59
3959,712.78
3960,15.0
3961,818.8199999999999
3962,371.88
3963,271.2
3964,2045.8620000000003
3965,3598.1820000000002
3966,1143.27
3967,245.81
3968,182.77
3969,1225.41
3970,56.4
3971,665.86
3972,658.57
3973,188.02
3974,283.47
3975,131.94
3976,278.74
3977,1865.19
3978,1117.9
3979,225.9
3980,1965.55
3981,106.1
3982,323.04
3983,350.39
3984,697.9
3985,780.43
3986,2750.337
3987,1199.01
3988,1285.04
3989,512.31
3990,546.04
3991,4870.719
3992,7053.957
3993,732.16
3994,1770.8799999999999
3995,36.56
3996,387.68
3997,3334.383
3998,298.4
3999,1995.46
4000,1820.09
4001,889.24
4002,398.7
4003,35.400000000000006
4004,155.37
4005,350.64
4006,110.21000000000001
4007,1593.38
4008,2501.3700000000003
4009,338.8
4010,36892.413
4011,205.48
4012,51.559999999999995
4013,2033.1
4014,901.1999999999999
4015,605.8000000000001
4016,4852.089
4017,114.34
4018,311.26
4019,208.97
4020,1418.03
4021,24191.136000000002
4022,4640.094
4023,148.21
4024,252.8
4025,1890.7200000000003
4026,330.9
4027,2844.0
4028,597.5
4029,9473.688
4030,329.65
4031,1197.1000000000001
4032,428.18
4033,1894.35
4034,155.9
4035,1859.16
4036,683.46
4037,237.61
4038,379.45
4039,178.51999999999998
4040,458.92
4041,133.35000000000002
4042,671.77
4043,717.45
4044,190.19
4045,899.61
4046,111.35
4047,726.05
4048,203.87
4049,602.09
4050,203.85999999999999
4051,244.1
4052,112.25
4053,1119.81
4054,98.0
4055,256.32
4056,566.6
4057,152.06
4058,155.8
4059,112.19999999999999
4060,110.38
4061,191.67
4062,800.24
4063,72.9
4064,243.28
4065,366.23
4066,311.01
4067,411.6
4068,336.43
4069,341.28
4070,1304.04
4071,3783.6900000000005
4072,826.52
4073,207.50000000000003
4074,2666.25
4075,244.08
4076,397.29
4077,212.54
4078,843.0
4079,1740.48
4080,408.36
4081,1331.57
4082,704.25
4083,145.79
4084,389.84
4085,3871.0980000000004
4086,99.14
4087,3695.7960000000007
4088,304.56
4089,77.50000000000001
4090,149.57999999999998
4091,176.68
4092,358.56000000000006
4093,52659.432
4094,482.2
4095,1008.5400000000001
4096,2099.448
4097,557.3
4098,12.75
4099,111.68
4100,508.4599999999999
4101,73.78
4102,1296.44
4103,102.83
4104,471.7
4105,2360.313
4106,1098.43
4107,123.07
4108,277.35
4109,228.2
4110,582.59
4111,136.04
4112,337.04
4113,740.79
4114,4039.9290000000005
4115,353.19
4116,288.14
4117,300.91999999999996
4118,757.71
4119,811.45
4120,152.68
4121,634.95
4122,20.8
4123,198.57
4124,201.12
4125,630.84
4126,93.35
4127,678.49
4128,76.1
4129,1970.6699999999998
4130,382.06
4131,417.23
4132,169.47
4133,249.72
4134,444.68
4135,1904.5710000000001
4136,257.34
4137,174.8
4138,102.78999999999999
4139,187.29
4140,166.42
4141,120.03
4142,1483.56
4143,523.0
4144,122.14
4145,38.45
4146,668.11
4147,389.78
4148,115.31
4149,230.64999999999998
4150,73.5
4151,97.97
4152,422.88
4153,730.4
4154,405.62
4155,70.02
4156,357.20000000000005
4157,3765.0510000000004
4158,165.04999999999998
4159,559.51
4160,1879.74
4161,189.4
4162,172.29000000000002
4163,74.4
4164,300.02
4165,6105.771000000001
4166,363.65
4167,170.16
4168,306.46
4169,1907.4689999999998
4170,720.52
4171,814.0
4172,2153.547
4173,318.0
4174,396.33
4175,101.69999999999999
4176,2036.67
4177,453.0
4178,247.44
4179,3489.7680000000005
4180,489.6
4181,2350.5750000000003
4182,2369.709
4183,336.13
4184,3286.7729999999997
4185,1231.5
4186,343.45
4187,703.37
4188,90.47999999999999
4189,689.95
4190,101.34
4191,3650.1479999999997
4192,167.67000000000002
4193,8161.434
4194,1895.868
4195,2715.57
4196,580.0500000000001
4197,911.15
4198,2428.0200000000004
4199,168.31
4200,223.65
4201,233691.57
4202,754.64
4203,113.48000000000002
4204,430.7
4205,271.0
4206,7247.673000000001
4207,236.3
4208,352.69
4209,76.32000000000001
4210,220.1
4211,1418.03
4212,320.72
4213,5088.438
4214,181.12
4215,111.15
4216,673.1
4217,1826.21
4218,589.4399999999999
4219,1142.99
4220,206.82999999999998
4221,348.73
4222,112.55000000000001
4223,1059.39
4224,931.4999999999999
4225,681.9100000000001
4226,784.33
4227,152.65
4228,7594.506
4229,1019.52
4230,1000.16
4231,2599.875
4232,2575.3950000000004
4233,160.35000000000002
4234,179.33999999999997
4235,612.0799999999999
4236,566.58
4237,653.35
4238,399.19
4239,371.62
4240,734.94
4241,453.4
4242,530.15
4243,638.0600000000001
4244,1618.69
4245,399.65000000000003
4246,302.46000000000004
4247,1384.8600000000001
4248,1169.94
4249,202.65
4250,980.31
4251,1231.31
4252,6805.512000000001
4253,1896.1560000000002
4254,104.0
4255,476.35
4256,1341.42
4257,1590.81
4258,1793.17
4259,1843.75
4260,382.8
4261,632.07
4262,49.8
4263,304.25
4264,2001.04
4265,1090.24
4266,284.46000000000004
4267,207.79999999999998
4268,957.97
4269,243.76
4270,973.8399999999999
4271,689.13
4272,4883.004000000001
4273,163.8
4274,1396.99
4275,160.42000000000002
4276,1993.7
4277,517.36
4278,139.10000000000002
4279,2359.242
4280,600.07
4281,248.42
4282,232.48000000000002
4283,299.34000000000003
4284,481.75
4285,621.75
4286,662.08
4287,1862.7930000000001
4288,305.28000000000003
4289,1041.61
4290,443.0
4291,5836.086
4292,158.95000000000002
4293,4958.208
4294,4705.245
4295,93.75
4296,779.9
4297,6549.210000000001
4298,2529.1800000000003
4299,1874.943
4300,592.97
4301,440.0
4302,1796.48
4303,882.24
4304,987.1
4305,1561.6100000000001
4306,422.58
4307,1865.7810000000002
4308,2009.2410000000002
4309,2310.354
4310,596.1
4311,804.02
4312,95.34
4313,349.27
4314,3883.2480000000005
4315,526.67
4316,103.3
4317,2103.867
4318,2104.7400000000002
4319,2378.88
4320,324.24
4321,149.48
4322,1213.1599999999999
4323,801.51
4324,25.5
4325,168.6
4326,283.15
4327,2770.722
4328,204.0
4329,175.92
4330,335.86
4331,110.38
4332,173.9
4333,180.60000000000002
4334,80.82
4335,178.05
4336,1885.392
4337,1837.28
